recommendation,review,timestamp_created,author
True,感觉里面的兄弟们都挺爱转圈的,1745047955,76561198973733269
True,很好的游戏,1745047953,76561199739184900
True,"great game, alot of sweats.",1745047917,76561198324562082
True,21,1745047914,76561199641941062
True,on hyvä,1745047906,76561199682163430
False,"The dumbest videogame developers, after 20 years can't find an effective system against cheaters",1745047896,76561198214480168
True,就是热爱,1745047884,76561199638616554
False,єїїєєє,1745047771,76561199834599130
False,"a lot of liers in this fucking game, but i cant stop playing...",1745047625,76561199841399158
True,Даёт дроп,1745047567,76561199836527058
True,Под пиво пойдёт),1745047548,76561199182441618
True,I bought prime but it did not activated. They charged my card but I did not receive prime status,1745047494,76561198887673958
True,.,1745047476,76561199496211069
True,"игра говна но мне нравится
",1745047449,76561199839480256
True,me va a dejar pelado,1745047437,76561199009784515
True,好玩,1745047431,76561199789968701
True,very funny game,1745047390,76561199845389308
True,jó,1745047385,76561198303266258
True,Жёстко,1745047372,76561199839544598
True,https://steamcommunity.com/id/jL-13/inventory/#730_2_38824393599,1745047366,76561199411897513
True,ЙУОУОЙУОЙУОЙУОЙУУ,1745047358,76561198987991178
False,ебал дремал,1745047348,76561198358041077
True,shabiyouxi,1745047296,76561199513281477
True,"HHHH

",1745047175,76561199304221677
False,ееенвшсъгорпав Й,1745047164,76561199212603955
True,Ruslar şerefsizdir,1745047085,76561199435707200
True,再不优化屈死,1745047078,76561199131970817
True,Все сподобалось,1745046975,76561198128054334
True,имбааааааа,1745046970,76561199803075829
True,"好玩
",1745046967,76561199804030266
False,"Внимание! 
Вышло новое обновление  для CS2. Содержит:  ̶Н̶о̶в̶а̶я̶ ̶с̶и̶с̶т̶е̶м̶а̶ ̶б̶о̶р̶ь̶б̶ы̶ ̶с̶ ̶ч̶и̶т̶е̶р̶а̶м̶и̶.̶ ̶М̶ы̶ ̶п̶р̶е̶л̶а̶п̶а̶т̶и̶л̶и̶ ̶в̶е̶с̶ь̶ ̶д̶в̶и̶ж̶о̶к̶ ̶и̶ ̶о̶т̶в̶а̶л̶и̶л̶и̶с̶ь̶ ̶в̶с̶е̶ ̶ч̶и̶т̶ ̶п̶р̶о̶г̶р̶а̶м̶м̶ы̶.̶  Новые скины, новые скины, новые скины...
Не самая бедная компания на этой планете просто кладёт болт на борьбу с читерами в своей популярной игре.
Помню славные времена когда играл в компьютерном клубе по лану, это было весело. Сейчас же ощущение что играешь с какой то кибер спортивной командой типо navi. Некоторые читаки даже не шифруются.
Я не понимаю какой вообще смысл в выпуске CS2, я думал они там движок перелопатят что бы все чит программы отвалились, а они там шейдеры дыма настраивали. Ну молодцы.
Удалил игру.",1745046916,76561199825107815
True,uikt,1745046910,76561199845635130
True,muy bueno,1745046847,76561199808566361
True,I love gambling for a knife,1745046827,76561198086510602
True,yes,1745046810,76561198325381768
True,played for 3 hours gotta say i hate the hong kong people,1745046750,76561199848906081
False,тут одни геи,1745046692,76561199322663429
True,z,1745046685,76561199556945854
True,好,1745046668,76561199131051123
True,牛逼,1745046662,76561199340447735
True,"mega god
",1745046602,76561199244765814
True,"ну так, на минут 10 хватит, а так игрушка интересная",1745046587,76561199174107647
True,very good game,1745046507,76561199520328243
True,good game,1745046487,76561199819930698
True,666,1745046483,76561199526441793
True,哈哈,1745046435,76561199210091612
False,every player in dm is a bot farming xp,1745046329,76561199589373053
True,https://steamcommunity.com/id/donkgojo/inventory/#730_2_41640713724,1745046326,76561199077686872
True,"k....jo
",1745046285,76561199807035883
True,Game is fun until you run into a hacker. Still very fun tho,1745046275,76561198375948829
True,"Убили - упай
упай - встань
встань - упай
и иди делать уроки школьник Эб@ный",1745046236,76561199238978684
False,"Widespread use of cheats has made the game extremely un-enjoyable to play. Blatant use of wall hacks, aim hacks etc. Uninstalled.",1745046195,76561199029350243
True,https://steamcommunity.com/id/jL-13/inventory/#730_2_38824393599,1745046173,76561199312925517
True,666,1745046158,76561199746604182
True,imhmm,1745046148,76561198969238108
True,GOOD,1745046099,76561198251181112
False,傻逼游戏,1745046092,76561199238977748
True,每一把游戏感觉都不一样,1745046046,76561198156664896
True,i love the action and how real it feel great game,1745046008,76561198837403780
True,c,1745045959,76561199837597020
True,"я ебал даст 2
",1745045951,76561199510053789
True,Good game,1745045933,76561199443538792
True,"haowan
",1745045871,76561199559593805
False,игра полная дерьма,1745045798,76561199477425172
True,Oyun iyi güzelde bianda fbs düşüklüğü yaşıyorum 170-200 alırken şuan 50-60 alıyorum,1745045778,76561199528571554
True,GÜZEL BİR OYUN AMA HİLE HALA CAN SIKIYOR,1745045775,76561199496741807
True,"please lee kasih aku case yang mahalan dikit lah atau bagus kek masa dapatnya ampas mulu, sering buka case dapatnya biru hell naw",1745045769,76561198311908927
True,bel gioco,1745045734,76561199840365974
True,"好
",1745045726,76561199680438423
False,дорого стоит,1745045717,76561199839664944
True,hueta,1745045709,76561199818177290
True,没意思,1745045694,76561199836356599
True,戒不掉根本戒不掉,1745045622,76561198950913406
True,КРУТАЯ ИИИИИИИГГГГГГГГГГРРРРРРРРРРРАААААААААААААА,1745045453,76561198823236489
True,fajna szybko nauczysz sie rosyjskiego,1745045344,76561199786394103
True,好玩爱玩,1745045287,76561199754068597
False,cs最近服务器网络老垃圾了，人走路都会后撤步，画面诡异闪现抽搐，服务器已经拉的没法再拉了，同样的网络，那cs就是占用高，还tm卡，我pubg和战地1、5、2042这几个游戏打着一点问题都没有，同样是外服游戏，即便说这个，那同样fps游戏瓦罗兰特和cf都很好，当然也有朋友要说了，那国内服务器，所以网络好，那我就要问了，他妈的cncs那么多的用户基数，那日在线多少都中国玩家，尽是中国玩家，说白了，那v社给中国玩家当啥了，真的这么多的玩家，给他能带来的那么多的收益，真的就不能好好的去优化以下中国区的网络情况，好好关注下中国玩家的游戏环境，那现在cs2都成撒样子了，垃圾的配置优化，因为本来，很多情况下，小地图fps游戏根本就不吃资源，结果那cs2成啥情况了，死差的优化，你就说白了那by现在都主流配置了，硬件配置也不差，玩别的游戏都是很高的帧率，结果cs就是死帧率上不去，那说白了，咱都是这种感觉，还有尤其是最近的死网络问题，那更是战犯级别的，就同样就是cs卡，同样外服游戏也是，就cs卡，那偶尔掉帧就算了，那by的抽搐成啥样子了，那网络再再差，能好家伙卡成这样子了，这tm还能玩么。真的恶心人，官方也不作为，那外挂也不少，优化还差，服务器网还卡，真的我说白了，哪有一天，那cncs玩到头了，也去你妈的全凉了吧，这游戏死了我是一点都不难过，本来cncs那玩家大环境就差，这下好了，官方也纯纯屎，真的，我这是第二个steam号了，加上一个号csgo，少说也不下快一千小时了，各种各种的问题，真的给我玩家心态没了，这的就有游戏真的能让人越爱越恨，cs这游戏以前是我的青春，我的最完美的时间段，我来打cs了，结果这游戏，真的真的，令人感到生气，但也遗憾。,1745045178,76561199551352560
True,"Игра норм хоть я и не фанат шутеров,рекомедую играть с прайм статусом",1745045151,76561199498253831
True,GHJHGFJGJVMNLFMLDDKJMDSLJGMSMVLMSLGVJLDSM,1745045129,76561199841343091
True,来来来，gogogo,1745045086,76561199472493020
True,Tiene sus cosas,1745045074,76561199627744975
True,i really enjoy playing this game.But personally I recommend buying prime because then there is not so much hackers.,1745045069,76561199816394674
True,https://steamcommunity.com/id/ropzkah/inventory/#730_2_25795405089,1745045068,76561198051423469
False,piece of shit game.,1745045022,76561197961882287
True,"I got Vac ban,but this game is cool.",1745045017,76561199388501564
True,хуйня,1745045011,76561199819697358
True,its goood,1745044998,76561199539114609
True,https://images.steamusercontent.com/ugc/1763694163814725058/3A9FCAC2E2B51F9AAB871F9EB35530ABE99D43B7/,1745044894,76561199159049955
True,豪丸,1745044868,76561199771932194
True,no nie narzekam,1745044864,76561198353351608
True,",",1745044856,76561199228720095
True,dhjlt yjhvfkmyj ye nfr nj [p,1745044849,76561199835624055
True,good.very  good,1745044842,76561199844908611
True,ааааааааааааааааааааааа,1745044783,76561198358457713
True,absolute dog kaka,1745044750,76561199157793073
True,https://steamcommunity.com/id/fame_cs/inventory/#730_2_27727037535,1745044735,76561199305116810
True,好玩。很好玩，挂少点更好,1745044719,76561199201681876
True,.,1745044659,76561198160497545
True,V,1745044624,76561199701361457
True,good,1745044616,76561199267219375
True,"https://steamcommunity.com/id/kennyS-/inventory/#730_2_4168219401
",1745044595,76561198052639738
False,ХУЕТА,1745044549,76561199821231356
False,"What a pointless game, limited servers options with massive high latency when you are lucky enough to get into a decent stable server you get kicked immediately by toddlers that co-opted the OPEN server for a random knife fights no reason required to kick and then you get a restricted access ban from the server for a time. So the only conclusion is that Steam wants this game to die.",1745044525,76561198992057297
True,What you see is what you get.,1745044469,76561198866898483
False,ебаное говно не регает и не поднимает звание,1745044468,76561199477169130
True,v社是真不管开挂的吗？全是透,1745044411,76561199703104115
True,супер пупер,1745044350,76561199841737241
True,"好玩
",1745044325,76561199748828199
True,квыенправра,1745044308,76561199470508126
True,https://steamcommunity.com/profiles/76561198041683378/inventory/#730_2_41640713893,1745044252,76561199683294657
True,chotka,1745044157,76561199808107457
True,♥♥♥,1745044149,76561199779189159
True,好玩,1745044033,76561199658710354
False,jogo cheio de hacker e um lixo pra jogar.,1745043979,76561198258229733
True,всё,1745043968,76561199813612270
True,"111
",1745043949,76561198961279460
True,uUIiu海域,1745043940,76561199826768836
True,好玩死了,1745043781,76561199837834182
True,一款可以挣钱的游戏,1745043694,76561199469067156
True,Хорошая игра если не играть,1745043664,76561199056906726
False,"Играешь против читеров - их не банят
Играешь без читов - тебя банят
Не понимаю за что меня забанили,
Просто не понимаю
Мне кажется я бы лучше отработал в Valve 100 лет, чем они 1 день",1745043663,76561199521314297
True,"给很h

",1745043642,76561199380241294
True,HAO,1745043615,76561199806704216
True,Man see knife skin man happy,1745043583,76561199564133907
True,норм игра,1745043564,76561199501290236
True,это игра очень класная ну то что урон не регает ну это база,1745043534,76561199806717285
True,zs,1745043528,76561199846462859
False,"点击设置就黑屏
",1745043461,76561199185750977
True,"Зашёл в катку, получил в еб""ло прострелом из авп, 10 прострелов из 10. 
",1745043406,76561198327665470
True,gfg,1745043400,76561199680784350
True,我喜欢这个游戏。,1745043273,76561199486460948
True,гамно,1745043251,76561198315924859
True,"别的都只是娱乐，CS好像已经成为了我的生活。无论是残局胜利时那肾上腺素的飙升，亦或是看到队友打出精彩操作后那撕心裂肺的呐喊，CS已经不只是一个游戏，而是一种追求，一种精神。正是它的竞技性让无数玩家流连忘返。
也许CS真的是有天赋之说的吧，快玩了两千小时了还没上完美S，挺迷茫的吧。",1745043240,76561199076684508
True,66666,1745043226,76561199777129441
True,HAOWAN,1745043220,76561199741561123
True,good game,1745043188,76561198061860528
True,1,1745043184,76561199067267999
True,👍,1745043141,76561198346905239
True,норм,1745043053,76561199806045879
True,no why,1745043044,76561199521126419
True,好玩，爱玩,1745042937,76561199519309818
True,Хз,1745042916,76561199015803135
True,"jogo é potente
",1745042887,76561199570352490
True,666,1745042872,76561199488667064
False,Prefiero tener cáncer,1745042823,76561198366895869
True,я  гондон короче теперь,1745042768,76561199840014972
True,好玩,1745042646,76561199832194190
True,666,1745042539,76561199805378109
True,"desde q comecei a jogar essa merda comcei a fazer terapia, super recomendo
to muito bem da cabeça agr",1745042525,76561198902360237
True,играют геи,1745042463,76561199788164611
True,"ОНО ВАМ НЕНАДО! Казахи, Монголы, Китайцы, 5 летние подпивасы, 40 летние молокососы, 13 летние таланты и это только верхушка айсберга! Общаться с свиньями приятнее чем с людьми в Пж Зарегай 2.",1745042423,76561198441355932
True,！~~~~,1745042394,76561199835319416
True,"The best part of this game is being white and bringing your non white friends into it blind, holy hell. Also just like listening to the constant racism and then chill chatting w/ the ppl is so much fun",1745042318,76561199382123273
True,.,1745042182,76561199800786917
True,great,1745042133,76561198307887209
True,"惊艳视觉，重塑战场沉浸感
进入《CS2》的瞬间，玩家便会被其焕然一新的视觉效果所震撼。基于 Source 2 引擎的强大渲染能力，游戏对经典地图进行了全方位的重制。以 “炼狱小镇” 为例，曾经略显粗糙的墙面纹理，如今呈现出细腻的斑驳质感，砖石缝隙间的青苔、弹孔边缘的金属毛刺都清晰可见；动态天气系统的加入，让小镇在暴雨中蒙上一层朦胧水雾，光线穿透雨幕的效果逼真，为对战增添了更多不确定性。水面物理效果的革新更是一大亮点，子弹掠过水面激起的涟漪、人物在水中移动产生的波浪，都与真实世界无异，这种细腻的视觉反馈极大提升了战场的沉浸感。
物理革新，改写对战策略
相较于视觉上的直观冲击，《CS2》在物理引擎上的革新则从底层改变了游戏玩法。全新的烟雾弹机制堪称颠覆性创新，烟雾不再是固定形状的静态区域，而是会随着空气流动、爆炸冲击产生动态变化。在 “死亡游乐园” 地图中，进攻方可以利用烟雾弹的扩散特性，精准控制防守方的视野盲区；而防守方也能通过射击烟雾中的物体，改变烟雾走向，创造反击机会。手雷的弹跳轨迹和碰撞效果也变得更加真实，玩家需要精确计算投掷角度和力度，才能达到预期效果。这种物理规则的改变，让每一场对战都充满了变数，对玩家的战术思维和临场应变能力提出了更高要求。
竞技平衡，在争议中前行
作为一款竞技性极强的游戏，《CS2》对武器平衡和地图设计的调整引发了玩家的广泛讨论。部分热门武器的属性微调，如 AK-47 的后坐力优化、AWP 开镜延迟的增加，旨在让武器选择更加多样化，减少 “一把枪打天下” 的局面。但在实际对战中，新的平衡体系尚未完全成熟，一些武器的表现与玩家预期存在偏差，导致抱怨声不断。地图方面，虽然经典地图的重制优化了部分点位的平衡性，但新加入的元素也带来了新的问题，例如 “核子危机” 地图中某些新增掩体，让防守方的防守难度大幅提升，打破了原有的攻防平衡。
社区生态，机遇与挑战并存
《CS2》的推出对游戏社区生态产生了深远影响。一方面，官方对创意工坊的支持力度进一步加大，玩家可以更加便捷地创作和分享自定义地图、皮肤等内容，极大丰富了游戏的可玩性和个性化体验。但另一方面，游戏初期的技术问题，如频繁的服务器崩溃、外挂泛滥等，严重影响了玩家的游戏热情。尽管 V 社采取了一系列措施打击外挂，但作弊现象依然屡禁不止，这对游戏的公平竞技环境和社区氛围造成了不小的冲击。
《CS2》无疑是一款具有里程碑意义的作品，它在画面、物理机制等方面的革新展现出了强大的技术实力和创新勇气。然而，游戏在竞技平衡性和社区生态建设上仍有很长的路要走。对于老玩家来说，它是情怀的延续与突破；对于新玩家，它是充满挑战与机遇的射击竞技新战场。随着后续版本的不断更新与优化，《CS2》有望在争议中打磨成一款真正的射击游戏巅峰之作。",1745042087,76561198931416879
True,+1 nike,1745042071,76561199537512904
True,"https://steamcommunity.com/id/donkgojo/inventory/#730_2_41640713724
https://steamcommunity.com/profiles/76561198113666193/inventory/#730_2_30625055369
https://steamcommunity.com/id/ropzkah/inventory/#730_2_25795405089",1745042060,76561199558285740
True,"Урон регает, играбельно",1745042052,76561199755665900
True,....,1745042043,76561199155668348
False,"Досуг для людей, кому не жалко тратить время и нервы без какой-либо пользы. Идеальный продукт для неизлечимых маргиналов и дегенератов. Навыки талантливых художников и творцов, работающих над игрой, уходят зря и очень жаль.",1745042042,76561198974438423
False,箱子开不出好东西,1745041988,76561198931147748
True,клута,1745041961,76561199813367483
False,А ДАВАЙТЕ Я ГАБЕНУ С ДИГЛА ЕБНУ В ГОЛОВУ И ПОСМОТРИМ КАК РЕГАЕТ,1745041959,76561199190348920
True,Muito xiter mas é bom,1745041867,76561199128422371
True,https://steamcommunity.com/id/jL-13/inventory/#730_2_38824393599,1745041865,76561199208170357
True,Bão,1745041864,76561198997567188
True,"CS2 is a secret gambling simulator. 
If you're not opening each and every case - you are losing out on the endgame potential. 

Better odds at hitting these slots than the IRL casino.",1745041827,76561198238368166
True,"думал что в команде 4 умственнонеполноценных людей, но их всегда было 5",1745041810,76561199842791710
False,bad,1745041799,76561199290473741
True,"GOOD
",1745041761,76561198847922386
True,"好玩
",1745041699,76561199682027344
True,"hao wan
",1745041680,76561199814919742
True,好 nbnbnbnb,1745041680,76561199767662420
True,"прикольная игра, если не заходить",1745041661,76561199231115564
True,Cs2 is fun even tho this russian guys always call me bad name 10/10,1745041650,76561199805707336
False,Get a working fucking anticheat retards,1745041623,76561198045829152
True,,1745041551,76561199183522128
True,豪玩,1745041358,76561199361566404
True,"Что такое Counter-Strike 2? А вы будто не знаете? В целом в отзывах всё и так написано, читеры, фарм аккаунты, редкие но не приятные баги. От себя могу добавить только то, что..... Ну я слил много dollars на кейсы, надеюсь вам повезёт больше.(Выводы делайте сами)
А так игра классная, если играть с друзьями то вообще кайф (До первого же читера). Короче рекомендую❤❤❤
P.s. Скиньте кейсов пж        (🤡-это я)",1745041289,76561199493072659
True,FSGFDNDJGKKKKKKKKKKKKKKKKKKKKKKKKKKKHDGDFGJKFDNGJK,1745041251,76561198806747545
True,love,1745041068,76561198021885143
True,Bom,1745041060,76561199549522609
True,新手买不要sb优先，想正经玩竞技的去平台（买不要sb优先)，就想娱乐没有太大竞技性的就正常玩（买不要sb优先）你买优先对面全是大佬，不输个七八局别想赢一次，给的奖励全看运气，一周一次，大概一年回本。本人新手，纯个人看法,1745041042,76561199706737884
True,牛逼好玩爱玩,1745041034,76561199811612598
True,топ игра всем советую,1745040978,76561199787477613
True,fajna grapolecam,1745040929,76561199781607903
True,das spiel ist super wenn man sich abregen möchte da man immer freundliche türken oder russen zum sprechen findet :),1745040860,76561199091439687
True,谁玩谁傻逼,1745040767,76561198981918421
True,6666,1745040696,76561199847568060
True,BEST GAME EVER NO CHEATERS EVER!!!,1745040671,76561199845938458
True,ES LINDO PODER INSUNT@R A TUS COMPAÑEROS SIN MOTIVOS. EL VICIO DE TIODAS LAS TARDES.,1745040617,76561199232646636
True,"segunda chance.
",1745040615,76561199644938888
True,"hyvä peli
",1745040557,76561199835064895
False,台灣是主權獨立的國家 支那小粉紅滾回深淵國,1745040535,76561198949859034
True,1.6 на мінімалках),1745040519,76561199500179911
True,好玩，使我晕头转向第一名。,1745040410,76561198992144970
True,Игра же бомба ваще,1745040364,76561199845564868
True,111,1745040333,76561199830586087
True,de_nuke,1745040327,76561198126570309
False,成就没了？？没了？？？？？CSGO那么多成就，到现在就只剩个玩完一把游戏就可以拿的“隐藏”？？？？？wtf are u guys thinking?????????????????????????????????????,1745040225,76561198826935140
True,tmnc valve,1745040209,76561199846603743
True,Best of game!,1745040151,76561198283260960
False,I played my first game and fucking china hacking go eat dog please fix your game,1745040120,76561199163199707
False,people still hack and smuff go eat mala dog plz fix king of hack bad game noit recommat,1745040105,76561199217884259
True,rfsf<f,1745039986,76561199068353449
True,"норм
",1745039926,76561199832749168
True,good,1745039895,76561198880895816
True,отличная игра,1745039835,76561199488772493
True,I am ok with it.,1745039793,76561198261254532
True,我玩的不像人类喵,1745039737,76561199131097159
True,很好的游戏,1745039715,76561199732349860
True,https://steamcommunity.com/id/jL-13/inventory/#730_2_38824393599,1745039695,76561199474237390
True,BEST GAME ON STEAM.,1745039692,76561198302391185
True,1.06 sürümü çevrim içi oynansa onu tercih ederim,1745039650,76561199083258549
True,"PORFAVOR DESBANEEN
",1745039529,76561199788175496
True,De är kull att spela,1745039476,76561199546057231
False,дох3я читеров!,1745039377,76561199482418028
True,Zzzz,1745039372,76561198800143581
True,Csgo kadar iyi değil ve asla olamayacak .,1745039311,76561199772276819
True,"My favorite toxic relationship. I will play any other game still and end up back here. All i can say is this game can be very rewarding when you play good, other times i wanna slam my first trough my desk but hey at least you know what ur gonna get its one or the other. With that being said have a great day on cs2 -gr1mReaper",1745039298,76561198381599497
True,"窝，太好玩啦，10把输9把
",1745039277,76561199657214838
True,好玩,1745039075,76561199551348675
True,"имба
\",1745039018,76561199834711231
True,"666
",1745038999,76561199683215375
True,好,1745038957,76561199819103976
True,Great.,1745038947,76561198079305623
True,Ok,1745038926,76561199092819448
True,"豪丸
",1745038919,76561199656552545
True,BOM DMS PIOR Q CRAQUE DE VICIO,1745038851,76561199215554777
True,"класна гра
",1745038796,76561199827409728
False,"jogo bosta, cheio de bug",1745038727,76561198328402937
True,"Played for 2 months, unboxed a knife, made $2500 PROFITS",1745038647,76561199544671242
True,"哈珀
",1745038576,76561199564181085
True,why not ban cheater,1745038571,76561198810154311
True,https://steamcommunity.com/id/donkgojo/inventory/#730_2_41640713724,1745038569,76561198883390859
True,...............,1745038526,76561199111125246
True,666,1745038526,76561199257723693
True,"ta gra to bzdura. Z piwem by się dało, ale Gaben ma gębę rozwaloną.",1745038518,76561199380881635
True,игра хорошая если бы регало нормально то цены бы ей не было,1745038467,76561199552539571
True,"Знаете ли, когда я только начинал играть в это, я не думал, что меня затянет в мир сказок и романтики, где каждый знает и за тебя, и за твоих родителей, и даже за самого себя...",1745038421,76561199019701878
True,dobra gra,1745038379,76561198871211277
True,"CS:GO: Onde os tiros são aleatórios, os russos são profetas e as galinhas vivem com mais dignidade que você

Counter-Strike: Global Offensive é mais que um jogo — é um estilo de vida, uma religião e, às vezes, uma tortura psicológica. Nada se compara à sensação de acertar uma bala perfeita de AWP em movimento... só pra morrer pra um cara de Dual Berettas pulando igual um canguru no round seguinte.

O jogo te ensina lições valiosas:

Nunca confie em um ""rush B"".

Se alguém comprar Negev, prepare-se pra 45 segundos de tiroteio ininterrupto e caos absoluto.

E claro: seu time nunca tem o ""cara bom"", ele está SEMPRE no outro time.

Você começa achando que vai jogar umas partidinhas pra desestressar... 3 horas depois, você está no 14x14, o clutch é seu, e seu dedo tá tremendo mais que sua conexão em servidor sul-americano.

Os modos de jogo são variados:

Competitivo (onde você perde amigos).

Casual (onde ninguém joga o objetivo).

Mata-mata (onde você renasce só pra morrer de novo).

E Danger Zone... que... é tipo CS misturado com um Battle Royale que ninguém lembra que existe.

Economia? Estratégia? Coordenação? Sim! Mas tudo isso vai por água abaixo no segundo round quando o random do seu time compra AWP e morre em 10 segundos dizendo “lag”. Clássico.

E o sistema de ranks? Uma montanha-russa emocional. Um dia você é ouro 4, no outro, é Prata 1 de novo porque seu time era composto por dois Smurfs, um AFK e um que só falava em turco.

Mas no fim das contas… quando você acerta aquele HS limpo, faz aquele clutch 1v4, ou só dá um soco numa galinha por esporte — tudo vale a pena.

9.5/10
(-0.5 porque o bot morreu tentando plantar a C4 no bomb errado... de novo.)",1745038376,76561198830961906
True,QQQ,1745038337,76561199833169192
True,遊戲本身是好的 可否正視一下外掛問題,1745038318,76561198067142759
True,..,1745038274,76561199657672480
True,gd,1745038247,76561199345107229
False,баба отшила,1745038192,76561199374433703
True,best game of tha year,1745038144,76561198822873036
True,Ja,1745038087,76561198103324260
False,"Counter-Strike 2 полное дно никогда не играйте в этот провал, лучше бы вернули Counter-Strike Global Offensive, легендарная игра, добавили бы 2 версии сразу: CS 2 для дно пользователей и CS:GO для олдов, никогда в это не играйте игра превратилась в канаву",1745037970,76561199347769670
True,"можно играть \
",1745037803,76561199746110416
True,"hw.
",1745037790,76561199754505705
True,.,1745037766,76561198953690860
True,good,1745037701,76561199702123053
True,"o bom e velho cs, apenas mais bonito",1745037636,76561198151126102
True,"o jogo é ótimo, jogo da época do cs 1.5, mas o problema com os xiter esta complicado",1745037635,76561199241967969
True,6,1745037559,76561199631039580
True,666,1745037552,76561199783516817
True,"nice
",1745037418,76561198838842921
True,muy bueno,1745037348,76561199581943761
True,好玩,1745037245,76561199078176768
True,這遊戲打了難受，敵人都知道我龜在哪；也感覺我拿的是BB槍打不屎人,1745037212,76561198144483951
True,"można nauczyć ruskiego i spotkać różnych ludzi jak .
rusek pzeklinający 
rusek latajcy 
rusek z widzeniem pzez ściany
i dużo innych rusków
",1745037166,76561199442008824
True,"The game is cool, I dont have a strong opinion but i really like the game......",1745037043,76561198053327873
True,"🎯 Counter-Strike 2 – A nova era de um clássico competitivo
⏱️ Horas jogadas: centenas (inevitavelmente)
💣 Nota final: 8.7/10 – Um avanço técnico que ainda busca estabilidade competitiva

🧨 1. O que é CS2?
Counter-Strike 2 é a evolução direta de CS:GO, refeito na engine Source 2. Não é um reboot, mas uma migração técnica com impacto visual, sonoro e físico, além de ajustes na jogabilidade.

Tudo que era CS:GO (skins, configurações, rank, inventário) foi migrado. Mas, sob o capô, o jogo é muito mais moderno.

🎮 2. Jogabilidade: o mesmo núcleo, mas com mudanças importantes
A essência continua:

Duas equipes, terroristas vs contraterroristas.

Plantar ou desarmar a bomba.

Eliminar o time inimigo ou completar o objetivo.

Economia, trabalho em equipe, mira e comunicação são fundamentais.

Mas há mudanças relevantes, principalmente na sensação:

🔁 O que mudou:
Granadas de fumaça dinâmicas: agora são volumétricas e reagem a explosões, tiros e movimentação — adicionando profundidade tática.

Tickrate ""sub-tick"": atualizações entre ticks prometem mais precisão nos comandos (tiros, pulos, granadas), mesmo que o servidor rode a 64 tick.

Modelos redesenhados: movimentação de personagens está mais fluida e visualmente clara.

Som redesenhado: passos e ações têm novos efeitos, mais detalhados e realistas.

Mapas retrabalhados: clássicos como Mirage, Dust2, Nuke e Overpass ganharam novos visuais, iluminação e efeitos.

📌 Sensação geral: o jogo está mais responsivo, mais limpo visualmente, mas exige readaptação até dos veteranos.

🎨 3. Gráficos e áudio: um salto geracional
Gráficos:
Iluminação global com ray tracing em tempo real.

Texturas mais nítidas e detalhadas.

Reflexos realistas (em poças, vidros, metais).

Cores mais vivas e contraste refinado.

Mesmo com visuais melhorados, a Valve manteve a legibilidade visual, crucial para o competitivo.

Som:
Som 3D aprimorado, melhorando a noção de direção e distância.

Armas têm sons mais encorpados.

Passos em superfícies diferentes (madeira, água, metal) são bem distintos.

🎧 Nota: É essencial ajustar suas configs e fones para aproveitar esse novo áudio sem se atrapalhar.

🖥️ 4. Performance no PC – pontos altos e baixos
✅ Pontos positivos:
Melhor desempenho em GPUs modernas com a Source 2.

Visual incrível sem exigir uma máquina absurda (com as configs certas).

Várias opções de personalização gráfica.

❗ Pontos negativos (atualmente em abril de 2025):
Instabilidade de performance para alguns usuários, especialmente em sistemas AMD e setups mais antigos.

Algumas quedas de FPS em mapas mais pesados.

Bugs e travamentos pontuais (ainda sendo corrigidos pela Valve).

📌 Recomendação: Com uma RTX 2060 ou superior + SSD e 16GB RAM, o jogo roda bem em 1080p alto. Para 1440p competitivo, ideal é RTX 3060+ com ajustes.

🔁 5. Competitivo e matchmaking
O sistema de partidas foi reformulado:

CS Rating (Premier Mode): matchmaking por elo visível, baseado em desempenho.

Ranks tradicionais (MM clássico): ainda disponíveis.

Mapas por votação: você escolhe os mapas que quer jogar.

Anti-cheat VAC Live: detecta trapaças em tempo real e cancela partidas instantaneamente se um trapaceiro for pego.

Apesar das boas intenções, o anti-cheat ainda é criticado por ineficiência contra cheats mais complexos.

🎮 6. Skins, inventário e comunidade
Tudo que você tinha no CS:GO foi migrado para o CS2 — inclusive:

Skins

Cases

Stickers

Luvas e facas

Música de fundo

Sprays, agentes e grafites

E o melhor: as skins ficaram ainda mais bonitas na Source 2, com texturas mais nítidas e iluminação realista.

A comunidade continua forte com:

Workshop

Servidores comunitários

Modo deathmatch, casual, competitivo, etc.

✅ Pontos Fortes
✔️ Gráficos e som drasticamente melhorados
✔️ Fumaça dinâmica e novas físicas ampliam possibilidades táticas
✔️ Engine Source 2 permite mais fluidez e atualizações futuras
✔️ Inventário e conteúdo herdado do CS:GO intactos
✔️ Estrutura competitiva moderna e mais acessível

❌ Pontos Fracos
❌ Bugs e problemas de performance persistem em muitos setups
❌ Anti-cheat ainda falha contra cheaters mais sofisticados
❌ Curva de aprendizado alta para iniciantes
❌ Algumas decisões de balanceamento e hitreg ainda geram controvérsia

🧠 Conclusão
Counter-Strike 2 é uma evolução visual e técnica essencial para manter viva a maior franquia de FPS competitivo da história. Ele não revoluciona a fórmula — nem precisa — mas moderniza o suficiente para garantir mais uma década de vida.

Apesar de alguns tropeços no lançamento e problemas ainda em resolução, o potencial de CS2 como plataforma futura é enorme. E no PC, com os ajustes certos, a experiência é incrivelmente sólida, responsiva e viciante.

📌 Nota final: 8.7/10
📌 Recomendado para:

Veteranos do CS:GO que buscam um upgrade visual e mecânico

Jogadores competitivos que valorizam precisão e trabalho em equipe

Quem quer um FPS exigente, direto e com altíssimo nível de habilidade

“O clássico ficou mais bonito, mais rápido e ainda mais cruel.”",1745036938,76561199082482767
True,"画质碾压所有fps
",1745036788,76561199397696894
True,Hile çok,1745036766,76561199780657841
True,Хйня,1745036614,76561198278900183
True,go学长不会喊别人妈妈,1745036558,76561199782897314
True,VTGVGV,1745036552,76561199845712398
True,one of the best f2p fps game specially when you like classic their are many other games like valorant but cs2 gives a classic vibe,1745036548,76561199511393870
False,Почему обычные игроки мешают играть читерам,1745036488,76561198837930574
True,gshfs9,1745036373,76561199829887437
False,"АХАХХАХА, я не могу, это такой кал, даже не требующий описания, но огромное количество игорьков всё равно поедает его половниками, АХХАХА, и будет поедать дальше. Это так плохо, что даже хорошо! Геймплей на уровне 2004 года, графика из 2014, болт на игрока- бесценен! Габен, вот ты флексишь!",1745036286,76561199172775591
True,polecam mega gierka haha,1745036221,76561199845126039
False,"Juego rotisimo y con cada actualizacion queda peor

",1745036167,76561199096710719
True,"имба
",1745036125,76561199210923484
True,its every good game,1745036089,76561199076889330
True,играйте и жалуйтесь,1745036080,76561199195459507
True,mermi gitmiyo sikeceğim ama ha,1745036075,76561199266888618
True,孩子很喜欢吃，期待下一次购买,1745036053,76561199066348369
True,🔥🔥🔥🔥,1745036025,76561199833903584
True,很多时候我就在想，玩这个游戏的时候，我真的是快乐的吗？如果把这800个小时花在其他地方上，我的生活会不会有所改变呢？但我就是选择了在昏暗的房间里对着发光的屏幕，与匹配到的九个大汉激情互射。想起刚开始玩cs的日子：在对局中激动地把所有武器尝试一遍。记了很久的点位却因为变声期而羞于报点。刷了好久视频提现几块钱兴冲冲地去买几分钱的饰品。不知道什么时候开始，就像背古诗文一样记下几个道具，就像做数学题一样套用几个套路，一遍又一遍地把准星放在靶场bot的头上。开始对一起玩的朋友施加压力，开始一天10多把的天梯排位。就和别的所有事情一样，我也没在cs上取得任何成就。越来越架不住的枪、丢呲的道具、拼尽全力也无法赢下的残局。我喜欢cs这款游戏，我只是讨厌自己,1745035935,76561199004809055
True,qpro,1745035906,76561198874682821
True,vahue,1745035890,76561198197585074
True,好玩有意思值得一玩非常不错,1745035838,76561199491543558
True,"zsddfgvSg
",1745035735,76561199554649276
True,mine,1745035732,76561199735798578
True,Очень крутая и захватывающая игра с хорошей графикой и физикой рекомендую всем кто любит шутеры,1745035692,76561199659157837
True,very nice,1745035655,76561199368202251
True,"bastante bueno, muchos chiteros, conoci al amor de mi vida jugando a el",1745035650,76561199592984109
True,bodrio juego,1745035644,76561199235409770
False,terrible,1745035440,76561199098993366
True,The only game we installed steam for in the first place.,1745035388,76561198214889421
True,Pek anlayamadım ama çözünce güncelliyeceğim,1745035223,76561198042955912
True,zzzzzzz,1745035159,76561199033616143
True,"This is Counter-Strike, too.",1745035078,76561198401306095
True,反恐精英是一个非常好玩的游戏,1745035066,76561199702072857
True,w,1745035065,76561199653454018
True,Coso,1745034876,76561199134439815
True,"jogo muito bom, porem a quantidade de hackers acaba estragando o game, principalmente sem o prime, mas mesmo com ainda acabo caindo com bastante  cheaters",1745034870,76561198867844976
True,人生何处不青山,1745034743,76561198409632010
True,gg,1745034724,76561198350488740
True,Asmei,1745034647,76561199658007660
True,haowan,1745034634,76561198190375418
True,"https://steamcommunity.com/id/NaViZeus4430/inventory/#730_2_3236210620
https://steamcommunity.com/id/NaViZeus4430/inventory/#730_2_1905953149
https://steamcommunity.com/profiles/76561198031554200/inventory/#730_2_182020744",1745034616,76561198922660646
True,"牛
",1745034567,76561199818463812
True,i think good game,1745034522,76561199160758753
True,https://steamcommunity.com/id/donkgojo/inventory/#730_2_38824393696,1745034391,76561199513084272
True,"好玩
",1745034386,76561199555990412
False,"SÄMSTA SPEL JAG SPELAT, JÄVLA ÅSNOR",1745034364,76561199238665044
False,los servidores son muy malos,1745034318,76561199571890050
True,"simplemente jugar la saga de counter strike es divertida cuando te unes a un servidor de argentinos o chilenos,  la jugabilidad es buena y simple solo necesitas un buen pc para jugar bien y y comodo",1745034287,76561199525347849
True,"mt foda esse jogo
",1745034260,76561199275195597
True,w,1745034228,76561199010660736
True,好,1745034131,76561199705495304
True,"I lost to much money to cases. 10/10 will play more
",1745034040,76561199812773806
True,Cool,1745033968,76561199114285827
True,Круто обалдено и так далее вак за легальную крутилку круто,1745033936,76561199844037950
True,Mantapppppp,1745033805,76561199846032852
True,"Muito bom, principalmente jogar comp fechado. Oque caga é os hacker",1745033804,76561198352863622
True,"nice!
",1745033681,76561199060756739
True,"免费 特别是电人
",1745033552,76561199822638662
True,非常好~,1745033372,76561199836485717
False,CS:GO was much better. I wish they released CS:2 as a new game rather than replacing CS:GO.,1745033307,76561199177706461
True,damn,1745033131,76561199815797623
False,Já foi melhor...,1745033061,76561198121771560
False,GAVNO,1745033017,76561199529876177
True,great,1745032988,76561199837708299
True,https://steamcommunity.com/id/donkgojo/inventory/#730_2_41640713724,1745032872,76561199786692793
True,哈哈哈哈哈哈哈哈哈哈哈哈哈哈哈哈哈哈哈哈哈哈哈哈哈哈哈哈哈哈哈哈哈哈哈哈哈哈哈哈哈哈哈哈哈哈哈哈哈哈哈哈哈哈哈哈哈哈哈哈哈哈哈哈哈哈哈哈哈哈哈哈哈哈哈哈哈哈哈哈哈哈哈哈哈哈哈哈哈哈哈哈哈哈哈哈哈哈哈哈哈哈哈哈哈哈哈哈哈哈哈哈哈哈哈哈哈哈哈哈我是傻逼。,1745032751,76561198901679226
True,sim,1745032642,76561198849941022
True,爽,1745032557,76561199376370408
True,ok,1745032550,76561199647088695
True,瓦垃圾,1745032413,76561199849437266
True,игра на удивление лучше доты,1745032337,76561199497332462
True,amu,1745032285,76561199138517685
True,"Counter-Strike 2 (CS2) is an exciting evolution of the beloved first-person shooter franchise. Building on the solid foundation of its predecessor, CS:GO, CS2 offers improved graphics, smoother gameplay, and new features that enhance the overall experience.

One of the most noticeable upgrades is the stunning visual overhaul. The game now features more detailed environments and realistic effects, making each match more immersive. The gameplay remains true to the classic Counter-Strike style—fast-paced, strategic, and skill-based—yet the updates add a fresh feel that keeps it exciting for both new and veteran players.

The matchmaking system has been refined for better balance and quicker queue times, which is great for players eager to jump into action. Additionally, the weapon handling and movement feel more responsive, giving players a greater sense of control and precision.

Community features and customization options have also been expanded, allowing players to personalize their experience and connect more easily with others. The game’s sound design continues to be top-notch, providing crucial audio cues that can make the difference between victory and defeat.

Overall, CS2 successfully modernizes a classic while respecting its roots. It’s a must-try for fans of competitive shooters and anyone looking for a fast, tactical multiplayer experience. While it retains the core gameplay that made CS popular, the new visuals and improvements make it feel fresh and engaging.

In summary, Counter-Strike 2 is a fantastic update that offers both nostalgia and innovation. It’s definitely worth checking out!",1745032251,76561198871820622
True,"прикол в том, что и если ты купил прайм будут попадаться читеры, но выбор после повышения уровня, это неплохой способ заработка",1745032189,76561199497439378
True,muy bueno la verdad pero lo que le faltaria seria un buen rendimiento pero se los recomiendo y lo malo tambien xd es que soy pobre para tener skin :c,1745032147,76561199536182474
True,Best game ever made,1745032119,76561198841715042
True,JOGO PERFEITO POREM MUITOS HACKERS,1745032023,76561198163188121
False,Game with a lot retard player + cheater.,1745031840,76561198356020445
True,goooooood,1745031799,76561199149067135
True,好玩,1745031684,76561199848314795
True,thhgh,1745031630,76561199719668743
False,vac验证失败，尼玛的,1745031607,76561198995900731
True,太有实力了,1745031575,76561199597183785
True,a,1745031449,76561198339159227
True,不如瓦,1745031397,76561199704176334
True,g,1745031373,76561199780552091
True,好玩,1745031330,76561198443324146
True,和。里韩国官方，见附件一附近反复发客户都丢人方法和覅 放假放假看过看过。kglg/lg/klgougkhkhkhlhiopvbiv96  不 7土语他6 896 979707070改变伊育不管以后uuhoku-hou098 98097和67欧阳；呕就弄了那你可能那你,1745031302,76561199247901761
True,o,1745031105,76561199697682182
False,"this game doesn't care about its player base, it just cares about skin sales, when is valves anti-cheat going to be live? the world may never know, not saying everyone's a cheater out there, but i have watched plenty of demos of our games and there are plenty of cheaters out there. They try to hide as much as they can but thanks to xray vision you can easily tell when people have too much information. I suggest you play to gather boxes and sell them and save up to buy free games off of steam now. That seems to be the only positive note of this game, free steam money.",1745031094,76561198168929786
False,"Игра говна, просто мертвый калл, бухющего бомжа, читаки каждую вторую игру, мм зашел в первые за 2 месяца 95 прц дегают боты для фарма кейсов, в моей памяти валв это идинственная корпа которой так похуй на свой высер кривого кода татальный ахуй 10 неверлузов из 10",1745030806,76561199214596086
True,feuhcghdhgbsdjhkg,1745030735,76561199754262718
False,"игра говна))
",1745030727,76561199484081528
True,jeej ceeec,1745030665,76561198429285099
True,ruslarla dolu harika oyun (!),1745030601,76561199136627549
True,"gud gaem. cs2 update is good but missing some good content, some maps kinda suck from a design structure but overall great game well made",1745030586,76561198044346671
False,"This shit is a gd Casino, they only care about your money. DO NOT BUY ANYTHING",1745030580,76561199830719324
False,官方就不能管一下外挂吗？,1745030517,76561199680685756
False,麦片太多,1745030449,76561198984734690
True,"che
",1745030372,76561198966895698
False,Cheaters in every game every elo almost is insane fix VAC,1745030352,76561198294251489
True,to[,1745030258,76561199848922973
True,"Классная игра, потерял всех друзей на мираже❤️‍🩹 Нашел новых на эншинте. 0/10 зареганых пуль 🥹",1745030254,76561199202386679
True,ARFSS,1745030201,76561199846187210
True,"woyt ah minit moyt... off white, thanks. ahh yoo sayin iom ray cyst... moyt... moykes since oi gees... off white... iom ray cyst then",1745030093,76561198391805416
True,As soon as you start there is no more going back. And also if you play Valorant and u want to ungay yourself go ahead and download cs,1745030085,76561199683327000
True,bom,1745029992,76561198415348767
True,пж зарегай 2,1745029894,76561199624330482
True,哇哇哇哇哇哇哇哇哇哇哇哇哇哇哇哇哇哇哇哇哇哇哇哇哇哇哇哇哇哇哇,1745029888,76561199440813706
True,very fun game,1745029840,76561198097210734
True,#FREECHECHENİA,1745029761,76561199830115881
True,很不错的游戏,1745029760,76561199796706750
True,very good,1745029733,76561199166921421
True,goood,1745029646,76561199409187644
True,mid,1745029620,76561198236009316
True,"Yeah I mean, it's alright",1745029506,76561198151841970
False,lleno de cheaters wachos ad h isaohdoasodjlaskdaLÑDSJslaKHLDJ,1745029339,76561199833631099
True,핵쟁이 아웃!!,1745029313,76561198371006609
False,"CSGO was great, then they shafted it. The fact that we can't play CSGO anymore makes it worse. I understand wanting to update the game, but forcing an update like Blizzard was a bad move imo. The game isn't completely terrible, just not an upgrade, and the servers still suck ass.",1745029284,76561198040870999
False,"J'ai 73h de jeu, malheureusement  de mon simple avis je deteste ce jeu. J'ai essayé plusieurs fois de joué (73h) c'est pas rien, mais j'ai rejoué a CSS et malheureusement  CSS est meilleur ! C'est sur il est moins bien codé et moins opti. mais en tant que gamer, plus de 500 jeu dans ma biblio console et plus de 300 jeu dans ma bibio pc. Autrement dit  je suis totalement objectif. J'ai grandit avec CSS, sa n'as aucun impact sur mon evaluation. CSS est meilleur que CS2 au niveau du FUN et du gameplay ! Je defie quiconque de me dire que CS2 est plus AMUSANT que CSS.",1745029219,76561198065339249
True,Duble W,1745029106,76561199489214971
True,good,1745029016,76561199759881979
True,Buen Juego,1745028995,76561199500509603
True,gostei,1745028974,76561199834879958
True,O jogo é bom só que metade dessa PORRA se da rage mas de tudo o jogo é bom,1745028952,76561199591634684
True,nullle爱玩❥(^_-),1745028781,76561199841449274
True,bom,1745028754,76561199221333157
True,"VERY FUN TO PLAY
",1745028663,76561199771855819
True,mto pika,1745028570,76561199474909586
True,"太好玩啦
",1745028519,76561199477048760
True,n-436,1745028496,76561199142035849
True,CS,1745028420,76561199728562733
True,TODO GENIAL,1745028305,76561199229723872
True,好玩，快玩,1745028297,76561199577039950
True,内容丰富，有趣。,1745028254,76561199833858822
True,legal,1745028207,76561199063411388
True,el mejor juego que probé en mi puta vida,1745028178,76561199546080238
False,Está lleno de hackers. En una misma partida habrá 3 o 4 con WallHack mínimo. Es un dolor en el culo jugar. 9/10 partidas tienen hackers.,1745028155,76561198001678324
True,GOOD,1745028076,76561199237699010
False,Симулятор    скрытопула,1745027960,76561199818424324
False,反作弊太差了,1745027841,76561198795984950
False,"fuck this game
",1745027803,76561199558338680
True,Excelente jogo.,1745027793,76561199843071413
True,"la mejor descarga que he hecho vengo del valorant y me parece mucho mejor la comunidad es menos infantil , aunque hay bastante chetos pero se disfruta mucho",1745027771,76561199567245420
True,...,1745027723,76561198999401378
True,额,1745027701,76561199785897461
True,im gay,1745027526,76561198257822947
True,666,1745027443,76561199513076799
True,我们打CS的都是“CS高玩”,1745027410,76561199647756531
False,Шикарная игра,1745027379,76561199817308908
False,Valve only care about degenerate gamblers,1745027332,76561198290316760
True,its alright,1745027268,76561199791920949
True,99% cheaterid and 1% clean players so cool,1745027241,76561199007475355
True,"很好玩
",1745027070,76561199699116569
True,Great game,1745026870,76561198069965632
True,最经典的fps游戏,1745026861,76561199511936656
True,oioioioioioioioi,1745026858,76561199319523680
True,HAHAHAHHAHAHAHHAHAHAHAA,1745026848,76561199634653610
True,самая лучшая игра в стим,1745026776,76561199440899131
True,7ti,1745026699,76561199045691229
True,atemporal <3,1745026658,76561199144569685
False,говно 2,1745026591,76561198930087359
True,gay,1745026577,76561199566199823
True,porno cp,1745026330,76561199838430192
True,Ce jeux est incr il tue valo tout les jours on part tous avec les meme items tt le monde est sur le mm pied et le system de skin est très bien.,1745026174,76561199418375776
False,Started playing seemed sweet at first then played 3 games on the run with people speed hacking aim hacking and god knows what..... what a shame,1745025951,76561199561410689
True,.,1745025841,76561199229898510
True,"100
",1745025797,76561199819477887
True,Good game,1745025758,76561199841507181
True,"[f[
",1745025743,76561199172712184
True,Top,1745025721,76561199835113060
True,ugt7g,1745025614,76561199642177194
True,davgushu,1745025582,76561199758269323
True,喜欢枪械,1745025440,76561199529946352
True,yyds,1745025424,76561199824936785
True,recomendo muito jogar mn so q problema tem os cara toxico so q e bom e so iginorar os toxico,1745025345,76561199500655355
True,),1745025154,76561198362644279
True,"Yeni gelmedik, geri geldik.",1745025132,76561197970497356
True,molto bello tattico difficile pero community tossica e insulti razziali molto spesso ma il gioco molto bello e gi passo molto tempo a giocare,1745025031,76561199809972382
True,nunca defrauda. Aguante el counter.,1745024655,76561199045457969
True,its  mint,1745024270,76561199798177668
True,full de cheaters arreglen esa basura,1745024269,76561199826776664
True,nice,1745024240,76561199638307554
True,GG,1745024229,76561199846251045
True,норм,1745024189,76561199834108461
True,W NFT Simulator,1745024146,76561198122731433
True,"best fps game of all time!!!!!!!!!
",1745024088,76561198883932624
True,Can i have a gold please Gaben next time a open a Killowatt Case ?,1745023907,76561199473175290
True,+++++++++++++++++++++++++++++++++++++++++++,1745023820,76561199544242081
True,tiro,1745023791,76561199094145420
False,"Staggering amount of Cheaters that will get away with it 99.9% of the time, not worth the hassle",1745023728,76561199124479603
True,a,1745023587,76561199826747394
True,好玩,1745023582,76561199206437567
True,ruuusian angry,1745023443,76561199844550949
True,^_^,1745023422,76561199643358245
True,"thx volvo for free cheast,xD
Gaaaabe.
Why guys?
wtf areu doing?
money?...yeah i know
ggg",1745023321,76561198987902082
True,the best,1745023245,76561198829109430
True,sehr gut,1745023215,76561198842335375
True,"很好的游戏，使我红色升温。
年轻的人儿，别碰开箱和汰换合同还有通行证。优先可买，每周掉落可回本。
",1745023175,76561199187941114
True,olufg,1745023160,76561199534838149
True,"Игра просто великолепная. Все проработано до малейшей детали. Очень удачно получилось сделать стрельбу. Пули залетают настолько реалистично, что за стенкой регает спокойно. Рекомендую не заходить в нее никогда.",1745023101,76561198017319001
True,Кайф,1745023094,76561199012203815
True,https://steamcommunity.com/id/kennyS-/inventory/#730_2_4168219401,1745022992,76561198823379015
False,"Un juego en que si jugas 1 partida 20 son contra chiteros, terrible


Edit: Le meti varias horas mas... Sigue igual, no puede ser que a casi un año de su salida siga igual de mal el anti cheat, y si de casualidad detecta al chitero le manda una suspension competitiva de 30min, no le mete vac, una ♥♥♥♥♥♥ de anti cheat.

Edit 2: no puede ser que en vez de banear a gente que usa hacks se pongan a banear bots de farmeo, ademas de agregar cajas y skins que nadie necesitaba, como se nota que les importa 3 hectareas de verga el juego o su comunidad todo lo que hacen lo hacen por la plata. Simplemente desarrolladores de ♥♥♥♥♥♥.",1745022942,76561198373779016
True,top,1745022885,76561198845165628
True,"gostei mto melhor jogo que eu ja joguei
",1745022883,76561199046764786
True,"fsdbrsvdebrgsvbsdgehr
",1745022807,76561199515093069
False,Matchmaking is so fucking Bad the Enemy team are fucking Pros and My Team HAVE a fucking Brainschaden,1745022727,76561199389761703
True,"si, lo que no me ha gustado de este producto son los brasileros
",1745022677,76561199051696664
False,гавно ебаное не регает нет античита,1745022657,76561199300166945
True,EL JUEGO MAS PIOLA QUE MANOCIE EN MI VIDA,1745022513,76561199133074162
True,"Potente
",1745022498,76561199226220988
True,ебать хуйня,1745022482,76561199776634521
True,drž píču,1745022383,76561199819048973
True,..,1745022360,76561198426524336
True,"o trem e bruto 
",1745022181,76561198895160281
True,nb,1745022097,76561199312834043
False,don't do it man,1745021969,76561198938373473
True,goated,1745021954,76561199413431410
True,豪丸,1745021866,76561199761140172
True,HvH,1745021854,76561199677459385
True,"juego de la re mier** me tocan todos cheateros y personas salidas de la jungle como Tarzán. Todos los problemas de lizzy tagliani están acá. eso si, el VS9 la re mueve pero no me puede eloboostear mas pq el juego es una re goma. vaaaaaaamo niueeeeeeeel",1745021847,76561198137202558
True, м,1745021845,76561199833768845
True,woowoo,1745021772,76561199653511653
False,"Ich hab dem Spiel wirklich lange zeit gegeben, sehr viel zeit investiert habe auf Premium gespielt und auf Faceit, das ist unglaublich wie viele cheater in dem spiel herumrennen, es werden sehr oft schüsse nicht registriert das spiel ist in meinen augen einfach nur fail ... schade für meine 800 stunden -.- ... das meiste davon ist Comp..'
Das spiel bekommt von mir auf keinen Fall eine empfehlung.",1745021513,76561197996347361
True,"Mt bao, pena que tem mt baiano",1745021496,76561198446920586
True,AI,1745021476,76561199821615264
True,"Bom para ficar com raiva, gostei",1745021449,76561199830392808
True,epico,1745021432,76561199089569791
True,Jogo bom mas que irrita kkkkk,1745021402,76561199826971023
True,"Lov this game,  thanks to my Boyfriend",1745021369,76561199657330213
True,muy bueno pero tiltea,1745021368,76561199845848417
True,mük,1745021316,76561199495527839
False,just deleted it if u not wanna lose ur time,1745021286,76561199472250666
True,hao,1745021131,76561199794755841
True,Is this counter strike too?,1745021059,76561199038092204
True,Best Game Ever !,1745020905,76561199831465082
True,"super game ....please add de_aztec and fy_iceword
-",1745020886,76561198383857911
True,bem top,1745020682,76561199429869830
True,Good game,1745020581,76561199837147595
True,"Why did you take away my achievements valve, WHY",1745020540,76561198049816410
True,to much cheater :c,1745020236,76561198378911846
True,就是很适合M和喜欢被吊打的人,1745020108,76561199833892741
True,"god
",1745020096,76561199152518174
False,gowno,1745020088,76561198086902652
True,awdaawda,1745019912,76561199680327323
True,.,1745019897,76561199078549641
True,nice,1745019889,76561198811141411
False,Trash gaame. Bring back CS:GO,1745019842,76561198342960179
False,muito hacker,1745019766,76561199609475526
True,хорошая графика,1745019667,76561199673726119
False,Why cant you fix your servers ? studder and lagg are so anoying its crazy =( couneter strike source are perfectly fine but countertrike 2 are only studder and issues -.- servers where much better back in the days then this. is it because its a free game or what is it ?,1745019627,76561197979106764
True,.,1745019549,76561199477878304
True,kozak,1745019493,76561198262923977
True,k,1745019484,76561199792712598
True,"Отличная игра! Все тимейты дружно обсуждают мою семью и рассказывают, как замечательно провели с ней время. А у противников такая высокая сенса, что они начинают крутиться и раздавать эйсы. Я буду стремиться к тому, чтобы стать таким же профессиональным игроком!",1745019373,76561199847367344
True,https://steamcommunity.com/profiles/76561198041683378/inventory/#730_2_38824393688,1745019144,76561199734792899
True,.,1745019128,76561199479851691
True,Играю давно очень крутая игра . ЛЕГЕНДА,1745019119,76561199066361883
True,g,1745019098,76561199183453110
True,"plusy: hodne rasismu, docela zabavne, malo femboy buziku
minusy: hodne rusaku, na hovno anti-cheat, prijdete o hodne mozkovych bunek, budete zavisli
zaver doporucuji na vlastni nebezpeci",1745018966,76561199243029070
True,Хорошая игра! Хорошо играется! Хорошие эмоции и впечатления! Всего хорошего!,1745018883,76561199209596078
True,a,1745018791,76561199485994104
True,classic..,1745018677,76561199847473226
True,...,1745018642,76561198993224809
True,gambnling yip[peee,1745018465,76561198447078538
True,nice,1745018452,76561199231642726
False,cheater,1745018416,76561198066276131
True,aa,1745018404,76561199092177300
True,harika,1745018323,76561199724304805
True,"norm igra, vse regaet w tochku",1745018290,76561199140534767
False,"juego de mierda
",1745018271,76561199223578217
True,"Jogo divertido; jogar com os amigos vale muito a pena, jogar com aleatórios nem tanto",1745018237,76561199813262839
True,good,1745018141,76561199829045904
False,"This game isn't even comparable to it's predecessor CS:GO. These are ENTIRELY different videogames.

The movement system has been reworked from the ground up.
Recoil system has been reworked from the ground up.
The cheating issue you hear people talking about isn't an exaggeration. Even with Prime 9/10 games will have atleast 1 cheater. The ratio is about 1/10 players is a cheater. You do the math. 

This game also disincentivizes you reporting people by lowering your ""trust factor"" when you report people. Meaning the more you report people. The worse teammates you get matched up with a similar low ""trust factor""

Valve thinks AI-assisted Overwatch system will fix the cheating issue when they rarely even address reports. 

I've probably seen 2 or 3 cheaters banned in my 185 hours. When i've met probably 80-100. Reported about as much as well. 

Honestly like unbiased perspective devils advocate this game isn't worth the price tag at it's current state.
I'm willing to accept an invasive anti-cheat system like Valorant uses if it means CS:2 is even 50% as good as CS:GO. This game actually hurts my feelings how far it's fallen from grace.",1745018115,76561199697495236
True,Zu 1.6 Zeiten sehr aktiv gespielt.Ich muss sagen CS2 ist sehr gelungen und macht mir immer noch Spaß!,1745018104,76561197976899253
True,крутая игра,1745017948,76561199771866807
True,"если хочется покалываний в попе, то норм",1745017882,76561199164260813
False,No,1745017829,76561198091465258
True,one of the best shooters i have ever played,1745017822,76561199330447622
False,"After all this years... Someone made a bad decison and now i got rubberbands and iam not able to fix it (my system hasn't changed for 3 years and it was smooth running, nether the network). GG to the fuckers who broked it xD have played it from 1.6, R.I.P",1745017543,76561198078031103
False,"Game crashes and refuses to open so I get a cool down, thank you CS2",1745017496,76561199052603718
True,figo ma non ai livelli di csgo,1745017484,76561199319373249
False,"Non je recommandes pas ce jeu même si je le relance à chaque fois, le mmr est éclaté au sol, sans parler des cheaters, 1 game sur deux tu tombes avec des gens full toxic, ou qui n’ont rien à faire la, tu as beau report les comportements, rien ne se passe, Valve s’en met juste pleins les poches avec leurs systèmes des caisses pire que des casinos français ( qui eux contrairement aux autres sont obligés de redistribuer 94% de ce qui est injecté dans les machines en gains ) 
Je penses que Valve brasse des millions, et toi tu ouvres des caisses en plus de cela, pour choper que des skins bleu, à 0.08 centimes pour une ouverture qui te coûte 2,35 plus le prix de la caisse. Valve ne voient que l’argent l’argent l’argent, et n’en a rien à foutre de sa communauté, je ne parlerai aussi des serveurs catastrophiques, tu mets un limite de ping à 20 pour tomber contre des 120 de ping, sérieux valve, ça sert à quoi de mettre une limite de ping si c’est pour tomber avec des alliés ou contres des ennemis qui ont 100 de ping? Et vu que les serveurs équilibres les gens qui ont du ping contre ceux qui n’en n’ont pas, tu prends des balles alors que tu fais un « straph » alors que tu es déjà derrière ton mur à couvert ! Valorant est 10000 fois mieux que votre jeux, déjà tu sélectionnes les serveurs en fonction de ton pays, ou pays proche, même si cela arrive de tombé contres des gens à 100 de ping, c’est rarissime contrairement à cs, pareil très peu de cheaters sur Valorant, en même temps même si il brasses des millions également, ils ont investi dans un anti cheat qui sert à quelque chose, tout comme les reports de comportements etc. ( pas comme sur cs 2 encore une fois ) Fuyez ce jeu vraiment vous allez vous faire du mal.",1745017454,76561199075699576
True,I like now I can't touch the grass,1745017438,76561199262336415
False,cheater vs cheater... dead game,1745017367,76561199809018267
False,"ничего не  регает, 3 выстрела с дробовика в голову? пошел на***",1745017357,76561199487452447
True,GOOD,1745017313,76561199661168095
False,valve bu hilelere çözüm bulamayan aciz bir şirket,1745017220,76561198409884947
False,хуйня не регает,1745017201,76561199801486475
False,"ересь,а не игра
",1745017174,76561199749821635
True,kerhane tatlısı,1745017110,76561198312523259
True,Nul,1745017095,76561199018458923
True,amazing skill lvl,1745017064,76561199619736782
False,"If you think someone is cheating, they probably are",1745017045,76561198948554111
True,"funny to argue with sub-iq humans
",1745017036,76561198797763364
True,вапваивакву,1745017027,76561199777838400
True,пойдет,1745017017,76561199764655393
True,https://steamcommunity.com/profiles/76561198113666193/inventory/#730_2_30625055369,1745016963,76561198814117380
True,Play it,1745016945,76561199452295321
True,segz,1745016913,76561199556965201
True,russian girl,1745016877,76561199218138144
True,как убрать китайцев из игры блять,1745016870,76561199655641057
True,nejvíc nejlepší games,1745016791,76561199818234898
True,masterclass,1745016751,76561198159697551
True,Joguem,1745016729,76561198335585589
True,Je recommande top le jeu,1745016672,76561199684266272
True,хуй,1745016658,76561199232021844
True,"<3
",1745016613,76561199107337098
True,zajebista gra,1745016589,76561199379767255
True,"Потратил 1000₴ на кейси во время др
Нечего не випало 
Позже куплю и открою последний кейс за 10₴ надеюсь хоть што то да и випадет",1745016512,76561199375407211
False,nudzi sie po 10 godzinach,1745016463,76561198278836105
True,Нравится,1745016451,76561199844845511
False,guys go do something actually important like homework please,1745016435,76561199183968959
False,shit 0/10 CS-GO better,1745016362,76561199806739383
True,好玩爱玩,1745016348,76561199832083031
True,so many hackers but still good fun,1745016249,76561198004994617
True,"y4s

",1745016219,76561199248226786
True,Заебись игра,1745016184,76561199218910278
True,fk,1745016104,76561199532609778
True,nu mai vreau sa ma  joc acest joc,1745016020,76561199830174161
False,"jebane gowno nic valve nie robi z ta gra kurwa jebac ich na pizde
",1745015989,76561198411171286
True,Best game,1745015956,76561198810308125
False,"Эта игра убьёт в вас веру в человечество и в своё светлое будущее.
 Здесь всё решает рандом — вам 100% подселят смурфа, читера или просто отбитую обезьяну с клавиатурой.
После 400 часов в этой помойке я ушёл в запой",1745015953,76561198871607882
True,super,1745015826,76561199446343524
False,"Ниче не регает говно 2
",1745015818,76561199259010349
True,"Игра хорошая, играю с большим удовольствием. При каждом поражении я не злюсь, а переполняясь душевной болью, иду делиться физической своей женой и ребёнком которые ещё не отошли от прошлого раза.",1745015762,76561198379484537
True,  我是傻逼,1745015702,76561199392607627
True,"Plz Valve add Haj Ghassem (Cutlet)'s Agent to the game, He is more popular than batman and superman.",1745015647,76561198077127313
True,"если вы попадётесь с поляками/казахами - это автослив , эти человекоподобные мутанты нихуя не умеют,кроме как дохуя пиздеть в свой шипящий микрофон. как только вы с ними попадаетесь - выходите из катки,потому что лучше подождать 30 минут,чем эти же 30 минут сидеть и слушать как эта нечесть сидит и пиздит тебе под руку произнося странные звуки,похожие на звуки из преисподней.",1745015623,76561199814204104
True,...,1745015586,76561199842021942
False,UN CACAT DE JOC,1745015584,76561198216099167
True,крутая игра,1745015517,76561199516246610
True,"В целом игра хорошая, но надо улучшить рег урона и снизить количество читеров на малом уровне прайма",1745015474,76561198168137683
True,.,1745015451,76561198830002719
False,worst game ever,1745015412,76561198856531133
True,8/10 good game but a lot of cheaters,1745015397,76561199730819810
False,"Game is trash, filled with cheaters no matter the rank.",1745015383,76561199482586667
True,"So ein geiles Spiel,kurz vorm sterben",1745015340,76561198409230132
True,asd,1745015261,76561198747516534
True,amo,1745015252,76561199512724603
True,"good game full of rusians
",1745015225,76561199744385552
True,iyi,1745015195,76561199557688461
True,oynamayın.,1745015134,76561199842960614
True,good,1745015072,76561199239441360
True,çokiyi,1745015054,76561199241801854
True,i disliked everything,1745014953,76561199831561988
True,POLECAM GRAĆ ALE JAK MASZ DROBRY KOMPUTER A JAK MASZ STARY KOMPUTER TO  BEŃDZIE WAM LAGOWAĆ POLECAM,1745014943,76561199529691963
True,very good,1745014866,76561199527810209
True,Bockt,1745014856,76561199120932416
True,"Si querés bardear a chilenos, brazucas, peruanos, bolivianos, uruguayos, paraguayos, ingleses, ecuatorianos, venezolanos, colombianos, porteños, de interior, del norte, del sur, de provincia, de cordoba, homosexuales, bisexuales, heterosexuales, hombres, mujeres, femboys y a la puta de la madre del morado este juego es para vos",1745014760,76561199182588218
True,cосачка,1745014748,76561198015191859
True,HJBAFJH,1745014650,76561199515216157
False,ЕБАННАЯ ХУНЯ ВООБЩЕ НЕ СОВЕТУЮ,1745014570,76561199468743722
True,GOAT,1745014535,76561198082358591
False,Nur cheater,1745014487,76561198044539204
True,Лайк,1745014457,76561199749702851
True,мг,1745014437,76561198887558508
True,bruh cs2 is not like csgo,1745014359,76561199818057266
True,👍,1745014332,76561199764181068
True,pzdr,1745014307,76561199846368771
False,Хуйня ебаная,1745014276,76561199842153869
True,jestem zaskoczony jak ludzie potrafią biegac skakac patrzec sie w podloge i strzelac glowy w locie i przez sciane gdy przed osobą nie ma sciany zycze hujowej nocy,1745014263,76561199572678832
True,хуйня,1745014258,76561199836476083
False,중국인을 모두 말려죽어야한다. 더스트에서 매크로 계정으로 가득 채운다음 남은 사람들을 강퇴투표하며 작업장으로 쓴다. 핵쟁이 닉네임은 그냥 랜덤코드닉으로 쓰는데 안봐도 중국인이다. 걸러라,1745014222,76561198981486989
True,yfhtgvcj,1745014173,76561199532487391
True,mid,1745014128,76561199048120727
False,MENTALER ZUSAMMENBRUCH,1745014108,76561199126676844
True,Nice game,1745014108,76561199067283193
True,FeelGoodMan,1745014105,76561198995184643
False,"İNSAN SAĞLIĞIYLA OYNUYORSUNUZ PARAMI GERİ İSTİYORUM.
",1745014084,76561199561152532
True,"Dose de estresse diário, recomendo 👍",1745014046,76561198994375642
True,yeaaaaa good,1745014040,76561199331705913
True,Говно ебаное не регает,1745014008,76561198811691455
False,jebany vac nie dziala,1745013961,76561199829225338
True,"see a real play exited , play the game ,get fu#ed by cheaters , back to scrolling ....... and repeat that",1745013958,76561199802718727
True,"incrivel
",1745013951,76561199529790920
True,BOOOMMMMMMBAAAAAA,1745013896,76561199847589809
True,Heeeeeyyeeeeuuuss,1745013894,76561199685265554
True,Bombo,1745013851,76561199696709300
False,очень интересно играть с Х........МИ которые играют с читами)) репорты существуют что бы была спокойна душа что им дадут бан))) но это просто видимость не более))) играа параша тупорылая)),1745013850,76561199509092073
True,"casual full hackers, comp full hackers. not paying cash for premier",1745013829,76561199528224430
True,норм,1745013822,76561199769976821
True,p0zdro,1745013797,76561199470873187
True,"Lose your time, money and brain. Highly recommend.",1745013781,76561198868348114
False,"как крипто ферма норм, как игра говнище
",1745013767,76561198390514962
True,xxxx,1745013734,76561199818680024
True,Крутая игра советую всем,1745013727,76561199765391471
True,"like
",1745013704,76561199082641072
False,"you have a nice aim or lose against wallhackers every round RIP COUNTER STRIKE.
valve anticheat worker requirements are just have to be blind and you get the employee of the month.",1745013613,76561199556613541
True,"алексей
",1745013526,76561199260163977
True,KLAS,1745013520,76561199050891629
False,"i got banned bc my lil bro played with cheats on my acc on my pc bc i moved away and my pc could not fit so i got vac banned gg's

",1745013495,76561199474563882
True,"bla bla bla ble ble ble blu blu blu, ah blublublublublublu blu! blu! blu!",1745013470,76561199375517403
True,jakiś rusek zaczął krzyczeć coś o hitlerze ale ni huja nic nie zrozumiałem,1745013464,76561199023668196
True,"игра хорошая, только 3 моника разъебал после выхода второй части из-за качества регистрации попадания а так норм",1745013463,76561198854999416
True,é só nao morrer,1745013430,76561199104030475
True,Pj Zaregai 2,1745013363,76561199801227828
True,"Крутая игра! Жалко, что однажды поиграл фейсит в компьютерном клубе, а потом бан прилетел по железу(((",1745013350,76561199014653650
False,Porque não,1745013326,76561198195600965
False,"вы с43а античит когда сделаете 
или патруль з0ебали
",1745013320,76561199847283982
True,ziemlich gut,1745013298,76561199247751934
False,"垃圾游戏，全是挂。狗都不玩













但我很贱，我就要玩，当狗无所谓",1745013280,76561199001320997
True,SSSSS,1745013251,76561198075539537
True,jogo bom,1745013244,76561199043554770
True,норм но иногда не регает,1745013242,76561199803352897
False,"ONLY CHEATERS, VAC DOESNT WORK",1745013140,76561197976293157
True,gay oyunu değil,1745013107,76561198374059324
True,"жопа боль
",1745013081,76561199219999240
True,ZBS,1745013072,76561199026205095
False,Miese Geld schulden können auftauchen dazu kommen nur cheater und hitbox schlechter als wenn ein inder ne currywurst machen würde,1745013042,76561199405608291
True,"top
",1745012943,76561199830747936
False,Игра говнище,1745012904,76561199745197239
True,123321,1745012901,76561199843224456
False,нас ебут а мы крепчаем,1745012853,76561199821751567
True,"norm
",1745012836,76561199830119057
True,"muito bom, muda nada",1745012817,76561199555463139
False,cheaters and more cheaters,1745012785,76561198887400761
True,ы,1745012778,76561199536641013
False,SUCH A BAD GAME JUST GET VAL,1745012753,76561199518938755
True,"хз не игра,казахи топ",1745012727,76561199000015314
False,to many hakers,1745012715,76561198030177085
True,k,1745012704,76561198433131444
True,imba,1745012687,76561199812300952
True,se,1745012650,76561199835454514
True,дерьмо2,1745012561,76561199236748465
True,fgbfg,1745012553,76561199207193421
True,gg,1745012530,76561199676088408
True,"cuando kiten los chetos y haya mejores servidores no tendra rivalidad mientras tanto esta al mismo nivel k el fifa de ruina
",1745012495,76561198250169888
False,читерская залупа,1745012493,76561199830312760
True,"игра топ
",1745012466,76561199813435871
True,6666,1745012435,76561199472448727
True,"Парни, у моей сестры рак последней стадии. Я около года собирал на её лечение, получилось приблизительно 290к долларов. Стоит ли депать эти деньги по реферальной ссылке инкмейта?",1745012422,76561198828932377
True,"MUITO BOM O JOGO ,QUEM JOGA
 NAO QUER MAS DEIXAR DE JOGAR
PRA VIDA TODA",1745012399,76561199633461130
False,bad gam,1745012343,76561199234764087
True,jest jak jest,1745012332,76561199790269774
True,ПЕНИСЫ,1745012229,76561199740960593
True,jest super,1745012227,76561198017000019
True,i like the shoot in game me not get many kill but my bumba does,1745012216,76561198084523356
True,рпвф,1745012200,76561198987766737
True,Geiler Typ <3,1745012084,76561197996979703
False,"CS2 gameplay is terrible in comparison to CS GO, a clear downgrade. I don't recommend cs2 at this state, it seems that developers don't care about current state of game, main goal is just to release new create/case.",1745012080,76561198813460432
True,"keyif
",1745012055,76561198394713630
True,Хуета,1745012055,76561199844842569
True,nice,1745011995,76561198360746503
True,fgzhujniml,1745011969,76561199702721736
True,xorume,1745011918,76561198088750462
True,Um clássico! Com um lugar especial no coração!,1745011913,76561199155963770
True,-rep,1745011886,76561199514420196
True,bom,1745011856,76561199246765208
False,zu viele russen,1745011849,76561199216465255
True,nice,1745011827,76561198806723503
True,",",1745011754,76561198871271574
True,VERY GOOD GAME WITG GOOD ANT-CHEAT I RECMEDING THIS GAME FOR ALL PEOPLE,1745011662,76561199700143543
True,yep!,1745011656,76561198354565421
True,зарагай 2,1745011650,76561198205494787
False,хуйня не играйте,1745011630,76561199812436795
False,"Скачал, а.х.у.е.л, удалил.",1745011593,76561199575072448
True,"TOP
",1745011487,76561199844087123
True,schlafe geschickt,1745011483,76561199236171596
True,güzel,1745011459,76561199386686371
True,It's fun but it's not cs 1.3 which was the peak of CS,1745011438,76561197962510834
False,please fix this anticheat because it's impossible to play,1745011419,76561199273723379
True,"https://steamcommunity.com/profiles/76561198113666193/inventory/#730_2_30625055369

https://steamcommunity.com/id/perf-/inventory/#730_2_25795424607

https://steamcommunity.com/profiles/76561197973845818/inventory/#730_2_182003526",1745011400,76561197992958962
True,"skibidi
",1745011393,76561199834158714
False,Hileyi yıllardır çözemeyecek kadar aciz ve rezil bir ekip olamaz yazıklar olsun.,1745011358,76561199054259443
True,Понравилось особенно пыле внутри ноутбука,1745011357,76561199593210563
False,говно,1745011294,76561198978453285
True,"Anlatmaya gerek yok aimin güzelse oyun güzel, aimin kötüyse oyun kötü",1745011259,76561199549718131
False,Daha rezalet bir anti cheat sistemine sahip oyun olamaz sizin bu oyundan para kazanmız haram,1745011240,76561198182837023
True,tung tung tung sahur,1745011209,76561199122323538
True,eбyт со всех сторон,1745011190,76561199841766540
True,777,1745011157,76561199238093780
True,a,1745011103,76561199576120280
True,jaka gra taka gra,1745011103,76561198421178808
True,Nice :),1745011087,76561199511876692
True,Tolles Game,1745011025,76561199688911130
True,"sim, pinei muito.",1745011013,76561199428030646
True,si,1745011007,76561198838800146
False,"zostałem gejem
",1745010937,76561199797387728
True,Aynen fazlasıyla oynama saatim var oyunda ama rezalet eşleştirme sistemine sahip rezalet hile korumaya sahip bir oyun eşleştirme sistemi riot dan daha beter ne kadar iyi oynarsanız o kadar rezil ve troll insanları takımınıza atıyo kanser olmak istiyosanız eğer girin oynayın ekibiniz varsa ne mutlu size,1745010878,76561198323049020
True,CADA VEZ MAS PORONGA,1745010870,76561199401930679
False,"Rank game full of hackers and Vale doesn't care, report never works, try rank if you want to be taunted by those cheaters",1745010829,76561198241820262
False,Prime status is a lie,1745010772,76561199048909781
True,"[h2] Super Duper Gra [/h2]
Kocham tą gre jest super świetna polecam każdemu
[spoiler] skibidi sigma essa [/spoiler]",1745010733,76561199137156188
False,hile,1745010721,76561198315405178
True,Só vale pra pegar caixa e ter saldo na steam.,1745010684,76561198971262236
True,"rush b
",1745010623,76561198106202516
True,"imi bag pula in el de joc m banat de 10 ori am penalizare 7zile
",1745010618,76561199553080478
True,"Its honest straight up shooting with all the skillz in the mouse and WASD. Can it ever replace 1.6? no, dont be silly, but it is fun as hell!",1745010597,76561198092600046
True,.,1745010559,76561199083030796
True,"Simplesmente o melhor jogo de todos, mesmo com seus altos e baixos se mantem firme ao longo dos anos, fiz e ainda faço muitas amizades boas nesse jogo.",1745010543,76561199094209610
True,je suis addicte,1745010467,76561199160517212
True,"BOMBASTIC NICE EYE
",1745010452,76561199681448996
True,yes,1745010430,76561199829293877
True,УКЕУЦЕ,1745010423,76561199835825249
True,https://steamcommunity.com/id/Ex6TenZ/inventory/#730_2_48228313,1745010390,76561199798616926
False,гамно,1745010383,76561199503348523
True,sometimes i want to punch monitor in the middle becouse of the cheaters,1745010360,76561199161444567
True,пушка гонка,1745010332,76561199663061751
True,Merci Gabe... j'ai pus de sous et toujours aucun couteau...,1745010323,76561198801729296
True,BLEHHH,1745010257,76561198974481020
False,ХУЙНЯ ЕБАНАЯ У МЕНЯ НАХОДИЛИСЬ ЧИТЫ НО Я ИХ НЕ ЮЗАЛ И МНЕ ВЫДАЮТ ВАК БАН НЕ СОВЕТУЮ ПАРАША,1745010058,76561199732963919
False,YAPACAĞINIZ OYUNUN AMINAGOYUM MERMİ ADAMIN İÇİNDEN GEÇİYOR ALLAH BELANIZI VERSİN,1745010036,76561199661310440
False,"фигня игра заблокали навсегда без причины 
",1745009985,76561199802566825
True,Great Game i recommend you to play it!,1745009973,76561198284419228
False,Nur Hacker am start,1745009919,76561198383283960
True,伟大，无需多言。,1745009916,76561199029631076
True,кайф,1745009913,76561199390954625
True,"Jogo clássico e muito bom, cuidado apenas com a calvice q ele promove.",1745009886,76561199047857915
True,the best,1745009877,76561199641348379
True,Говно 2,1745009865,76561198805478420
True,ok,1745009860,76561199099305198
True, gra idealna do nauki rosyjskiego ale mocna wada to cheaterzy na premierze,1745009845,76561199478287132
True,a,1745009815,76561199469840564
True,nice,1745009795,76561198239143112
False,zu viele cheater und nix wird unternommen,1745009773,76561197967083917
True,кс как кс ток урон хуево регает,1745009723,76561199466661205
True,Trash,1745009716,76561199510547642
True,Anlatmaya gerek yok her şeyin ilki en güzeldi ama gerçek CS GO BUNDAN ÖNCEKİYDİ...,1745009711,76561199084839052
False,BU OYUNDA TARAMAK YOK UZAYA GİDİYO,1745009705,76561199266092332
False,крайне не рекомендую,1745009672,76561198007582672
True,fun,1745009648,76561199817060272
True,yoyo działa jak chce jak nie chce nie działa nic xd,1745009608,76561199060221215
True,good,1745009604,76561199155544868
True,https://steamcommunity.com/id/donkgojo/inventory/#730_2_41640713724,1745009558,76561199771439464
False,Заплентил коричневую бомбу в офис разработчиков,1745009487,76561199845073966
True,zxcvbn,1745009466,76561199812690208
True,ммм хуе.......,1745009461,76561199847378610
True,crazy,1745009378,76561199842293457
True,.,1745009376,76561199844831128
True,"I mean the game is perfect but the comunity? cant play without hearing ,,suka bliet'' and all this things lol",1745009351,76561199828212061
True,=),1745009328,76561199385612969
True,indirinin lo,1745009308,76561199804425303
True,EYDHSHJ D,1745009307,76561198366889561
True, mt bo,1745009298,76561198296668415
True,.,1745009297,76561199127151283
False,Kanser,1745009262,76561199758809824
True,.,1745009239,76561199697882594
True,yes,1745009232,76561199815916152
True,玩就完事了,1745009223,76561198153617244
True,the best fps game you'll ever play,1745009160,76561199182080397
True,"Нравится
",1745009153,76561199834417124
True,xxdv,1745009151,76561199410984123
True,.,1745009141,76561199832942348
True,no dont play,1745009126,76561199221992912
False,huinya,1745009083,76561199620625572
True,сойдет,1745009058,76561198342651253
True,"""gra której nienawidzę i jednocześnie  kocham👌""",1745009053,76561199801257998
True,"best game for world, i very love this ggame",1745009014,76561199752091023
True,"ebanoe govno 2 
",1745009014,76561198862886876
True,bao demais,1745008983,76561199536430249
True,ja ja go go,1745008951,76561197960575441
False,Отличная игра софтеры в кадой 3 игре,1745008798,76561199817538615
False,"хуйня ебаная не играйте
",1745008785,76561199638139634
True,oyun çok güzel fakat silah sekmesini biraz daha düşüre bilirler ateş adince silah çok sekiyor,1745008782,76561199104591278
True,nice game,1745008729,76561198217819976
True,хуйня на постном масле,1745008721,76561199567222717
True,i like shooting the chickens and gambling,1745008667,76561198898331458
True,"На самом деле оригинальное название игры ''Пж зарегай 2'', но также некоторые называют ее ''ЕбаН***е го*но 2''",1745008656,76561199519448726
True,имба,1745008631,76561199344844226
True,https://steamcommunity.com/profiles/76561198113666193/inventory/#730_2_30625055369,1745008605,76561198079188080
True,Норм,1745008594,76561199803727914
True,😜,1745008581,76561199130940230
True,"ser eu
jogar cs2
ser ruim
meu time fala para eu me matar
10/10 melhor q valorant",1745008575,76561199806313110
True,A,1745008558,76561199800926761
True,Hackeři,1745008530,76561199012295588
False,Вышел с 7 дневного играю спокойно недели полторы убиваю тиммейта случайно потомучто он твёркал передо мной и руинил игру И ОПЯТБ СУКП БАН НА 7 ДНЕЙ ВЫ ПОАУЕВАЛИ ТАМ ВСЕ ЧТО-ЛИ,1745008512,76561199786547065
True,mn quer se estressar esse jogo é muito bom,1745008477,76561199577280585
True,1,1745008469,76561199040022347
True,"it`s a nice game, VAC is useless but it`s a nice game",1745008461,76561199829257067
False,"ну и хуйня конечно, буду ждать кс 3",1745008453,76561199664805364
True,пприппиппр,1745008429,76561198017712076
True,👍🏼,1745008374,76561199823395334
False,"this game is a waste of space, old was way better, less laggy, and i actually hit shit",1745008336,76561199835508714
True,топчик емае,1745008319,76561199050679174
False,una garcha,1745008314,76561198960511601
True,"牛地眉目
",1745008309,76561199824887962
False,играю уже 5 лет на разных аккаунтах потому что жиртрест габен банит в своем офисе КФС мои акки за то что я юзаю прострелы вместо настоящих читеров и рег хуета,1745008305,76561199771192503
True,good game,1745008283,76561199847339947
True,https://steamcommunity.com/id/donkgojo/inventory/#730_2_41640713724,1745008271,76561199082499694
True,Arkadan Aug İle Götünü Sikmeleri Dışında Güzel Oyun,1745008229,76561198134602884
True,.,1745008176,76561199628772154
False,игра на пару часов ),1745008142,76561199014345686
False,"анекдот:
в чем разница между евреями и пионерами?
пионеры возвращаются из лагерей",1745008135,76561199388346826
True,Так и не научился играть(,1745008099,76561198200057743
False,"shit game cheaters every match, go play VALORANT 9999999999999 times better idiot fanatics keep paying the game to be shit",1745008080,76561199570439672
False,https://steamcommunity.com/id/OfficialTwistzz/inventory/#730_2_15691809198,1745008080,76561199848077936
True,кал,1745008067,76561199757677232
True,"this game is like roulette, its fun until it becomes russian",1745008053,76561199030104998
True,era melhor o csgo,1745008048,76561198440515074
True,Bom demais ze,1745008031,76561199681715768
True,.,1745007999,76561198314836454
True,muy bueno,1745007945,76561199706605059
True,"7y
",1745007905,76561199667339446
False,"Full of cheaters, still unoptimized after so long, and basically its a heavy greasy poop of a game",1745007902,76561198361694127
False,This game is full of blatant cheaters and valve farms so much money on it... they dont care at all about the game... its dead... every single game someone goes 30+ kills with scout giving only headshots in rank pool 5k. Do your fucking job fucking Gaben FUCK YOU YOU FUCKING FUCK!!!!,1745007893,76561198021279517
False,THEY RUINED THE GAME WITH THIS SHIT CS2. F idiots,1745007851,76561198290076544
True,terrible,1745007847,76561199845340926
True,d,1745007791,76561199836667270
True,the game is very good but not good when you play  aginst russian people,1745007699,76561199579735843
True, ybthg r5t,1745007688,76561199512118228
True,bomba,1745007677,76561199201360639
True,top,1745007656,76561199840312915
True,best,1745007605,76561199001427867
True,zajebiste jest,1745007554,76561199028163539
True,"ottimo
",1745007487,76561198308376199
True,good,1745007482,76561199471565682
True,wszystko,1745007469,76561199845830013
True,good,1745007390,76561199556839359
True,muito bacano,1745007380,76561199509256944
True,"forte realistic , dar sunt multi codati",1745007378,76561197997419505
True,K,1745007369,76561199826849631
True,its ok i gambled a few times then quit because i suck at shooting,1745007363,76561199730822227
True,Имбааааа но дота лучше,1745007326,76561198029934869
True,"кф
",1745007308,76561199785238439
True,It's a classic!,1745007272,76561199547218062
True,mega gowno,1745007270,76561199258455031
True,good game,1745007242,76561199838377063
True,а,1745007231,76561199293490392
True,"det er godt spil
",1745007225,76561199069733046
True,like,1745007218,76561199829771584
False,"passar raivaaa nao compensa
",1745007211,76561198958912621
True,Insane.,1745007187,76561198361806839
True,it is fun but you may need to mute people,1745007179,76561199128733739
True,polecam jeśli lubisz tak wkurwiać rusków że cie zabijają i dostają bana polecam,1745007171,76561199021423575
True,я дурак,1745007130,76561199172806649
True,"Good game but Хорошая игра, но люди из России и Украины, которые не знают английский, глупы и слабы. dlatego dziewczyny nie powinny grać w tą grę bo są głupie jak psy.heute habe ich dieses Spiel gespielt und ein Mädchen getroffen, das nichts gesagt hat, und am Ende, als ich ihre Freundin getötet habe, hat sie angefangen, Russisch zu sprechen wie eine dumme Frau mit Down-Syndrom",1745007094,76561199186674740
True,https://steamcommunity.com/id/donkgojo/inventory/#730_2_41640713724,1745007092,76561199064660501
True,jest okej,1745007086,76561198428359649
True,very sigma and racist,1745007055,76561199091161760
True,"conter? buenardo!
",1745007028,76561198350712422
False,забанили просто так за 30 часов настроение испорчено деньги пропали,1745007007,76561199701134998
True,"PASKA PELI ÄLÄ LATAA
",1745007004,76561199809560519
True,хуйня,1745006998,76561199496450170
True,yyiiiiiiiiippppiiiiiiieeeeeeee!!,1745006966,76561199801267490
True,.,1745006957,76561199140296255
True,"+
",1745006956,76561199554804562
True,"asmei , muito vicio",1745006938,76561198336125620
True,wkrętka gruba hehe,1745006911,76561197995458341
False,jebac ta gre,1745006881,76561199839960590
True,hrdrdyrd,1745006876,76561199511580046
True,1,1745006874,76561198048943760
False,"Sadly unplayable. Every match has a cheater. I grew up with counter strike, but time to let this dog of a game die.",1745006809,76561198271589402
True,"Artemchik lox
",1745006805,76561199801786608
True,крутая стрелялка,1745006804,76561199830147902
True,топ,1745006775,76561199768912838
True,zajebista cs,1745006748,76561199789278348
True,this is a game full of attention so you need to be very carefull,1745006736,76561199529401459
True,W,1745006713,76561198864744358
True,Имба,1745006708,76561199581409544
True,f,1745006698,76561199585699168
False,Gambling B*****it,1745006684,76561199562387546
True,"<3
",1745006617,76561199010589319
True,,1745006598,76561199801356546
True,noooooooooooooooooooooooooooooooooooooooooooooooooooooooooooooooooooooooooooooooooooooooooooooooooooooooooooooooooooooooooooooooooooooooooooooooooooooooooooooooooooooooooooooooooooooooooooooooooooooooooooooooooooooooooooooooooooooooooooooooooooooooooooooooooooooooooooooooooooooooooooooooooooooooooooooooooooooooooooooooooooooooooooooooooooooooooooooooooooooooooooooooooooooooooooooooooooooooooooooooooooooooooooooooooooooooooooooooooooooooooooooooooooooooooooooooooooooooooooooooooooooooooooooooooooooooooooooooooooooooooooooooooooooooooooooooooooooooooooooooooooooooooooooooooooooooooooooooooooooooooooooooooooooooooooooooooooooooooooooooooooooooooooooooooooooooooooooooooooooooooooooooooooooooooooooooooooooooooooooooooooooooooooooooooooooooooooooooooooooooooooooooooooooooooooooooooooooooooooooooooooooooooooooooooooooooooooooooooooooooooooooooooooooooooooooooooooooooooooooooooooooooooooooooooooooooooooooooooooooooooooooooooooooooooooooooooooooooooooooooooooooooooooooooooooooooooooooooooooooooooooooooooooooooooooooooooooooooooooooooooooooooooooooooooooooooooooooooooooooooooooooooooooooooooooooooooooooooooooooooooooooooooooooooooooooooooooooooooooooooooooooooooooooooooooooooooooooooooooooooooooooooooooooooooooooooooooooooooooooooooooooooooooooooooooooooooooooooooooooooooooooooooooooooooooooooooooooooooooooooooooooooooooooooooooooooooooooooooooooooooooooooooooooooooooooooooooooooooooooooooooooooooooooooooooooooooooooooooooooooooooooooooooooooooooooooooooooooooooooooooooooooooooooooooooooooooooooooooooooooooooooooooooooooooooooooooooooooooooooooooooooooooooooooooooooooooooooooooooooooooooooooooooooooooooooooooooooooooooooooooooooooooooooooooooooooooooooooooooooooooooooooooooooooooooooooooooooooooooooooooooooooooooooooooooooooooooooooooooooooooooooooooooooooooooooooooooooooooooooooooooooooooooooooooooooooooooooooooooooooooooooooooooooooooooooooooooooooooooooooooooooooooooooooooooooooooooooooooooooooooooooooooooooooooooooooooooooooooooooooooooooooooooooooooooooooooooooooooooooooooooooooooooooooooooooooooooooooooooooooooooooooooooooooooooooooooooooooooooooooooooooooooooooooooooooooooooooooooooooooooooooooooooooooooooooooooooooooooooooooooooooooooooooooooooooooooooooooooooooooooooooooooooooooooooooooooooooooooooooooooooooooooooooooooooooooooooooooooooooooooooooooooooooooooooooooooooooooooooooooooooooooooooooooooooooooooooooooooooooooooooooooooooooooooooooooooooooooooooooooooooooooooooooooooooooooooooooooooooooooooooooooooooooooooooooooooooooooooooooooooooooooooooooooooooooooooooooooooooooooooooooooooooooooooooooooooooooooooooooooooooooooooooooooooooooooooooooooooooooooooooooooooooooooooooooooooooooooooooooooooooooooooooooooooooooooooooooooooooooooooooooooooooooooooooooooooooooooooooooooooooooooooooooooooooooooooooooooooooooooooooooooooooooooooooooooooooooooooooooooooooooooooooooooooooooooooooooooooooooooooooooooooooooooooooooooooooooooooooooooooooooooooooooooooooooooooooooooooooooooooooooooooooooooooooooooooooooooooooooooooooooooooooooooooooooooooooooooooooooooooooooooooooooooooooooooooooooooooooooooooooooooooooooooooooooooooooooooooooooooooooooooooooooooooooooooooooooooooooooooooooooooooooooooooooooooooooooooooooooooooooooooooooooooooooooooooooooooooooooooooooooooooooooooooooooooooooooooooooooooooooooooooooooooooooooooooooooooooooooooooooooooooooooooooooooooooooooooooooooooooooooooooooooooooooooooooooooooooooooooooooooooooooooooooooooooooooooooooooooooooooooooooooooooooooooooooooooooooooooooooooooooooooooooooooooooooooooooooooooooooooooooooooooooooooooooooooooooooooooooooooooooooooooooooooooooooooooooooooooooooooooooooooooooooooooooooooooooooooooooooooooooooooooooooooooooooooooooooooooooooooooooooooooooooooooooooooooooooooooooooooooooooooooooooooooooooooooooooooooooooooooooooooooooooooooooooooooooooooooooooooooooooooooooooooooooooooooooooooooooooooooooooooooooooooooooooooooooooooooooooooooooooooooooooooooooooooooooooooooooooooooooooooooooooooooooooooooooooooooooooooooooooooooooooooooooooooooooooooooooooooooooooooooooooooooooooooooooooooooooooooooooooooooooooooooooooooooooooooooooooooooooooooooooooooooooooooooooooooooooooooooooooooooooooooooooooooooooooooooooooooooooooooooooooooooooooooooooooooooooooooooooooooooooooooooooooooooooooooooooooooooooooooooooooooooooooooooooooooooooooooooooooooooooooooooooooooooooooooooooooooooooooooooooooooooooooooooooooooooooooooooooooooooooooooooooooooooooooooooooooooooooooooooooooooooooooooooooooooooooooooooooooooooooooooooooooooooooooooooooooooooooooooooooooooooooooooooooooooooooooooooooooooooooooooooooooooooooooooooooooooooooooooooooooooooooooooooooooooooooooooooooooooooooooooooooooooooooooooooooooooooooooooooooooooooooooooooooooooooooooooooooooooooooooooooooooooooooooooooooooooooooooooooooooooooooooooooooooooooooooooooooooooooooooooooooooooooooooooooooooooooooooooooooooooooooooooooooooooooooooooooooooooooooooooooooooooooooooooooooooooooooooooooooooooooooooooooooooooooooooooooooooooooooooooooooooooooooooooooooooooooooooooooooooooooooooooooooooooooooooooooooooooooooooooooooooooooooooooooooooooooooooooooooooooooooooooooooooooooooooooooooooooooooooooooooooooooooooooooooooooooooooooooooooooooooooooooooooooooooooooooooooooooooooooooooooooooooooooooooooooooooooooooooooooooooooooooooooooooooooooooooooooooooooooooooooooooooooooooooooooooooooooooooooooooooooooooooooooooooooooooooooooooooooooooooooooooooooooooooooooooooooooooooooooooooooooooooooooooooooooooooooooooooooooooooooooooooooooooooooooooooooooooooooooooooooooooooooooooooooooooooooooooooooooooooooooooooooooooooooooooooooooooooooooooooooooooooooooooooooooooooooooooooooooooooooooooooooooooooooooooooooooooooooooooooooooooooooooooooooooooooooooooooooooooooooooooooooooooooooooooooooooooooooooooooooooooooooooooooooooooooooooooooooooooooooooooooooooooooooooooooooooooooooooooooooooooooooooooooooooooooooooooooooooooooooooooooooooooooooooooooooooooooooooooooooooooooooooooooooooooooooooooooooooooooooooooooooooooooooooooooooooooooooooooooooooooooooooooooooooooooo,1745006579,76561199802803903
True,Better time investment than a relationnship.,1745006563,76561198351914008
True,nice try,1745006547,76561199817585205
True,tirando o ruim o resto e bom,1745006544,76561199502537393
False,no,1745006544,76561198825195233
True,d,1745006533,76561199350672084
True,porcodio ebreocane,1745006513,76561199536913355
True,"good game
",1745006509,76561198121823829
True,удалите,1745006492,76561199094722814
True,For Those That Dont Know Great Game For Fps Shooting,1745006448,76561199365089984
True,"кент начал юзать странные слова ""сын б опоры, сын миража, сын даста, сын пистолетки, сын дигла, сын окна, сын лоу таба""",1745006441,76561198880414762
True,"pisun
",1745006422,76561199486905889
False,垃圾,1745006409,76561198450133060
True,oyuncuların cogunda hile var düzelirse güzel oyun,1745006401,76561199806432027
True,Зашел вышел потерял мать,1745006386,76561198810304104
True,"Симулятор аимбота и валхака, очень понравилось",1745006385,76561198869182531
False,É SO XITARIA,1745006344,76561198091523043
True,j,1745006341,76561199839253969
True,"""CS2 — игра, которая меня раздражает, но я всё равно в неё играю""

Я провёл в CS2 уже 200+ часов, и вот честное мнение обычного игрока, без розовых очков.  

Что хорошего:
- Движок реально стал современнее -вода, дым, освещение выглядят круто  
- Поддержка 128-тик серверов — наконец-то  
- Некоторые старые баги пофиксили (хотя новые появились)  

Что раздражает:
- Оптимизация хромает.
- Матчмейкинг — либо играешь против полупрофессионалов, либо с тиммейтами, которые впервые взяли мышку в руки  
- До сих пор нет нормального античита. Волшебные пули через дым — обычное дело  

Особенно бесит:
- Эти бесконечные апдейты по 5 ГБ, которые ничего не меняют  
- Новые скины выходят, а нормальные карты годами не обновляют  

В целом:
Играть можно, но готовьтесь к нервам. 7/10.",1745006336,76561199120812831
True,cs is fun,1745006331,76561198116531563
True,если хотите чтобы вас обассали как котенка скачивайте,1745006284,76561199828016872
True,"Из приятного - скины каждую неделю если прайм
из неприятного - всё остальное",1745006278,76561199244885114
True,"Sehr geiles Spiel, macht immer wieder Spaß das mit Freunden zu zocken",1745006250,76561198142558399
True,💖💖💖💖💖💖💖💖💖💖CS FOREVER💖💖💖💖💖💖💖💖💖💖💖,1745006222,76561199471858483
True,nice,1745006221,76561198296556018
False,too many cheaters........,1745006206,76561198303934706
False,lleno de chiteros,1745006151,76561198813223807
True,помойка,1745006146,76561199847835713
False,"игра говно
",1745006139,76561199804716464
True,гоу,1745006108,76561199816711600
True,"très compétitif malgré les cheater
",1745006105,76561199555047866
False,Hileleri daha seri banlamak için overwatchu geri getirin bari. 3 sıralı atıyosun 3ünde de karşıda hile var,1745006094,76561198377444373
False,"Worst game ever. Toxic community, rules for idiots. We played premade 5v5, i had a granate and got killed, after that granade exploded and killed 3 of my teammates and i got a cooldown. Not recomended!",1745006088,76561198041147807
False,	,1745006064,76561199596157568
True,"Tutorial: How to learn Russian:
1. Uninstall Duolingo
2. Install Counter Strike 2
3. Play Casual
:)",1745006023,76561198964023058
True,Хороший шутер,1745006000,76561199232106308
False,хуйня ебаная,1745005988,76561199835962392
True,"z negjt et,bot rjnjhjt yt evttn buhfnm z negjq [etcjc d 'njq buht vtyz cnfdzn hfrjv 24/7 гадайте че там",1745005919,76561199570979283
True,git,1745005867,76561199829149675
False,"Говно с софтами, даже на прайме",1745005857,76561198344104681
True,S,1745005857,76561199842995074
True,имба игрулька не регает 2,1745005841,76561199275414895
True,"В один из прекрасных дней, ранним весенним утром с ребятами я пошел в компьютерный клуб
В этот прекрасный день я открыл для себя много увлекательных легендарных по сей момент игры
Из них была эта замечательная трилогия, все начиналось с 1.6, все было отлично вот, вспомни вот эти сервера донатные, ааххаха, было время, позже мы чуть подросли и мы обратили свой взгляд на прекрасную GO, это было что то прям такое ВАУ, эти красивые нашивки и шевроны, скины я прям кайфую и вот спустя очень много лет мы дошли до ВТОРОЙ МАТЬ ЕГО ВТОРОЙ КС, ЭТО ЛУЧШЕЕ ЧТО ПРИДУМАЛИ ЧЕЛОВЕЧЕСКИЕ ЧЕЛОВЕКИ СВОИМИ ЧЕЛОВЕКСКИМИ РАЗУМАМИ

Рекомендую ли я эту игру?
Однозначно: ДА
Всем приятных посиделок  ^_^",1745005820,76561199844615177
True,OK,1745005814,76561199112039351
True,привет,1745005798,76561199814745128
True,ГАВНО,1745005781,76561199230504427
True,5,1745005769,76561199665905866
True,щип,1745005760,76561199244188866
True,имбо,1745005746,76561199820200543
True,SDASDASDASD,1745005739,76561199100595955
True,"psycha siada przy ruskich cwelach ale jest super :D
",1745005707,76561199845816502
True,polecam do nauki ruskiego,1745005645,76561199839851948
True,анал будет разорван,1745005630,76561199509568891
True,"Muito bom o Game, estou aprendendo ainda mais é sensacional. Recomendo",1745005580,76561198296947392
True,.,1745005572,76561199546655900
True,"polecam,fajni chlopcy graja (ladni a ja takich lubie)",1745005563,76561199482153753
True,o pedro q ta reagindo na conta do manu e eé bem legal mesmo esse jogo,1745005539,76561198977652402
True,好,1745005531,76561199680867583
True,ok,1745005499,76561199804445755
True,z,1745005420,76561199550593708
False,помойка с читерами и донатом,1745005395,76561199796990176
False,ігра підарів москалі уєбани тупо розробники сини шлюх,1745005385,76561198143347453
True,biom,1745005369,76561199653671319
True, краш,1745005369,76561199521015665
False,no es un juego recomendable para niños pequeños,1745005367,76561197960546621
True,evet,1745005278,76561199832514579
True,абсолютно всё. кроме читеров,1745005264,76561199821160791
False,не регает,1745005251,76561198233426984
True,дайте награды плиз,1745005233,76561199226634596
True,wale konia do tej gry,1745005187,76561199140960416
True,кпуир,1745005185,76561199388964353
False,gevno,1745005172,76561198065896245
True,Super gra dostaje przez nią załamania psychicznych ale można się w niej nauczyć wiele innych jezyków wiec chyba polecam,1745005171,76561199238714690
False,"подбор игроков с праймом просто понос, я 300 часов попадаюсь против 1к и 2к онли, а когда играю с другом без прайма, такое ощущение, что противники инвалиды-колясочники",1745005118,76561199151040118
True,god,1745005100,76561199806089924
True,favourite,1745005075,76561199846105935
True,GG,1745005044,76561198283828422
True,"i said spike instead of bomb and recieved death threats from my team
very good game",1745005039,76561199016357706
True,"ok
",1745005033,76561199836553245
